Number_of_Riders,Number_of_Drivers,Location_Category,Customer_Loyalty_Status,Number_of_Past_Rides,Average_Ratings,Time_of_Booking,Vehicle_Type,Expected_Ride_Duration,Historical_Cost_of_Ride,is_peak_hours,d_s_ratio,demand_class,supply_class,demand_metric,supply_metric,correction_metric,corrected_cost,Calculated_Fare,group,simulated_price,conversion_prob,conversion,cost,net_revenue
90,45,Urban,Silver,13,4.47,Night,Premium,90,284.25727302188227,0,0.9382716049382718,High_demand,High_supply,1.1111111111111112,1.1842105263157894,0.0,284.25727302188227,355.3215912773528,A,284.25727302188227,1.0,1,198.98009111531758,85.27718190656469
58,39,Suburban,Silver,72,4.06,Evening,Economy,43,173.87475274940766,0,0.9418803418803419,Medium_demand,High_supply,0.9666666666666667,1.0263157894736843,0.0,173.87475274940766,180.30811860113576,B,180.30811860113576,1.0,1,126.21568302079503,54.092435580340734
42,31,Rural,Silver,0,3.99,Afternoon,Premium,76,329.7954689622466,1,0.49677419354838703,Medium_demand,Medium_supply,0.7,1.4090909090909092,0.403225806451613,196.81342502585682,347.86772873320194,A,329.7954689622466,1.0,1,230.8568282735726,98.93864068867401
89,28,Rural,Regular,67,4.31,Afternoon,Premium,134,470.2012317513198,1,0.86331569664903,High_demand,Medium_supply,1.0987654320987654,1.2727272727272727,0.03668430335097006,452.95222712975465,966.3735765813316,A,470.2012317513198,0.9999999999050175,1,329.14086222592385,141.06036952539597
78,22,Rural,Regular,74,3.77,Afternoon,Economy,149,579.6814223640141,1,1.3,Medium_demand,Medium_supply,1.3,1.0,0.19999999999999996,695.6177068368169,1518.8812628781895,A,579.6814223640141,1.7743345117689126e-14,0,405.77699565480987,0.0
59,35,Urban,Silver,83,3.51,Night,Economy,128,339.9553606047221,0,0.6180952380952381,Medium_demand,Medium_supply,0.9833333333333333,1.5909090909090908,0.2819047619047619,244.12032561520044,373.95089666519436,B,373.95089666519436,1.0,1,261.76562766563603,112.18526899955833
93,43,Suburban,Regular,44,4.41,Afternoon,Premium,16,104.06154127359152,1,1.0146425495262705,High_demand,High_supply,1.1481481481481481,1.131578947368421,0.0,104.06154127359152,163.89692750590666,A,104.06154127359152,1.0,1,72.84307889151405,31.218462382077462
62,39,Rural,Gold,83,3.59,Afternoon,Premium,47,235.81186355605,1,1.0068376068376068,Medium_demand,High_supply,1.0333333333333334,1.0263157894736843,0.0,235.81186355605,358.08031480986205,A,235.81186355605,1.0,1,165.068304489235,70.74355906681501
79,14,Rural,Silver,71,3.74,Evening,Economy,128,501.4125174833056,0,2.0690476190476192,Medium_demand,Medium_supply,1.3166666666666667,0.6363636363636364,0.9690476190476192,987.3051237111756,1465.1608035873846,A,501.4125174833056,0.9994313556562574,1,350.9887622383139,150.4237552449917
42,6,Rural,Silver,21,3.85,Night,Premium,128,398.9933645706103,0,1.2833333333333334,Medium_demand,Low_supply,0.7,0.5454545454545454,0.18333333333333335,472.1421480752222,705.8525113724572,B,705.8525113724572,7.101198192321169e-42,0,494.09675796072,0.0
86,17,Urban,Regular,99,4.69,Morning,Economy,167,669.2986264658781,1,1.374001452432825,High_demand,Medium_supply,1.0617283950617284,0.7727272727272727,0.2740014524328249,852.6874222288235,1820.4876464585382,A,669.2986264658781,6.150449930836697e-34,0,468.50903852611464,0.0
60,38,Rural,Gold,15,4.14,Evening,Premium,144,414.9901047325251,0,0.5789473684210527,Medium_demand,Medium_supply,1.0,1.7272727272727273,0.32105263157894737,281.75643952892494,433.9049168745444,A,414.9901047325251,1.0,1,290.49307331276754,124.49703141975755
24,8,Rural,Gold,50,4.12,Morning,Economy,164,490.41072171830416,1,0.825,Low_demand,Low_supply,0.6,0.7272727272727273,0.07500000000000007,453.62991758943133,961.0149804132104,A,490.41072171830416,0.9999976768505556,1,343.2875052028129,147.12321651549126
36,24,Suburban,Silver,88,4.22,Night,Premium,83,296.24287599192223,0,0.8250000000000001,Low_demand,Medium_supply,0.9,1.0909090909090908,0.07499999999999996,274.0246602925281,338.96850478185723,A,296.24287599192223,1.0,1,207.37001319434555,88.87286279757669
63,13,Rural,Regular,74,4.95,Afternoon,Premium,102,327.0888648717375,1,1.7769230769230768,Medium_demand,Medium_supply,1.05,0.5909090909090909,0.6769230769230767,548.5028657079905,1087.9554341317994,B,1087.9554341317994,7.563733126587188e-125,0,761.5688038922596,0.0
39,12,Urban,Silver,30,4.51,Afternoon,Premium,140,445.1368684239125,1,1.7875,Low_demand,Medium_supply,0.975,0.5454545454545454,0.6875,751.1684654653524,1483.557719294071,A,445.1368684239125,0.9999999999999996,1,311.59580789673873,133.54106052717378
38,28,Rural,Silver,35,3.93,Afternoon,Premium,54,244.5361718306458,1,0.7464285714285714,Low_demand,Medium_supply,0.95,1.2727272727272727,0.15357142857142858,206.9824025852252,345.143156310863,B,345.143156310863,1.0,1,241.60020941760408,103.54294689325891
46,14,Suburban,Silver,21,4.71,Afternoon,Economy,15,47.31430863361691,1,1.204761904761905,Medium_demand,Medium_supply,0.7666666666666667,0.6363636363636364,0.10476190476190483,52.27104572856726,78.21055217136876,B,78.21055217136876,1.0,1,54.74738651995813,23.463165651410634
33,7,Suburban,Gold,49,4.31,Evening,Premium,22,129.8082629093964,0,1.2964285714285715,Low_demand,Low_supply,0.825,0.6363636363636364,0.1964285714285714,155.30631455231355,146.76446725193634,B,146.76446725193634,1.0,1,102.73512707635543,44.02934017558091
31,7,Suburban,Silver,24,4.82,Evening,Premium,87,382.9481103198511,0,1.217857142857143,Low_demand,Low_supply,0.775,0.6363636363636364,0.11785714285714288,428.0812804646907,534.0313973797017,A,382.9481103198511,1.0,1,268.06367722389575,114.88443309595533
96,45,Urban,Regular,6,4.95,Afternoon,Premium,11,82.77279318243978,1,1.0008230452674898,High_demand,High_supply,1.1851851851851851,1.1842105263157894,0.0,82.77279318243978,124.15918977365968,B,124.15918977365968,1.0,1,86.91143284156176,37.247756932097914
22,11,Suburban,Silver,79,4.48,Night,Economy,15,64.07117255500656,0,1.1,Low_demand,Medium_supply,0.55,0.5,0.0,64.07117255500656,70.47828981050722,A,64.07117255500656,1.0,1,44.84982078850459,19.221351766501968
74,16,Rural,Regular,6,3.97,Morning,Economy,139,390.6687658288554,1,1.6958333333333333,Medium_demand,Medium_supply,1.2333333333333334,0.7272727272727273,0.5958333333333332,623.4422388018817,1340.4008134240455,B,1340.4008134240455,1.1505846950897257e-179,0,938.2805693968318,0.0
24,12,Urban,Regular,10,3.6,Evening,Premium,45,212.16652497375452,0,1.1,Low_demand,Medium_supply,0.6,0.5454545454545454,0.0,212.16652497375452,222.77485122244224,B,222.77485122244224,1.0,1,155.94239585570955,66.83245536673269
48,19,Suburban,Gold,72,3.81,Night,Premium,65,235.65813370551408,0,0.9263157894736842,Medium_demand,Medium_supply,0.8,0.8636363636363636,0.0,235.65813370551408,255.57124600363005,B,255.57124600363005,1.0,1,178.89987220254102,76.67137380108903
56,13,Rural,Regular,36,4.81,Evening,Economy,162,406.5574980533908,0,1.5794871794871794,Medium_demand,Medium_supply,0.9333333333333333,0.5909090909090909,0.47948717948717934,601.4966060943756,1052.6190606651573,B,1052.6190606651573,3.563954908149706e-117,0,736.8333424656101,0.0
72,33,Rural,Gold,66,4.39,Morning,Premium,30,182.4744270596517,1,0.7999999999999999,Medium_demand,Medium_supply,1.2,1.5,0.10000000000000009,164.2269843536865,241.16732652338862,B,241.16732652338862,1.0,1,168.81712856637202,72.3501979570166
97,75,Urban,Silver,76,4.7,Night,Economy,158,652.617297300081,0,0.6067489711934156,High_demand,High_supply,1.1975308641975309,1.9736842105263157,0.2932510288065844,461.2366034498597,710.3043693127838,B,710.3043693127838,7.666955896053127e-43,0,497.2130585189486,0.0
62,33,Suburban,Regular,39,3.91,Evening,Premium,129,403.22709836941993,0,0.688888888888889,Medium_demand,Medium_supply,1.0333333333333334,1.5,0.21111111111111103,318.1013776025424,477.15206640381365,B,477.15206640381365,0.9999999969309941,1,334.00644648266956,143.1456199211441
57,38,Suburban,Silver,54,4.1,Night,Premium,131,537.7848594528473,0,0.5499999999999999,Medium_demand,Medium_supply,0.95,1.7272727272727273,0.3500000000000001,349.5601586443507,591.563345398132,B,591.563345398132,4.6656128220669554e-17,0,414.0943417786924,0.0
25,7,Suburban,Silver,13,3.99,Morning,Premium,81,286.13145256368455,1,0.9821428571428572,Low_demand,Low_supply,0.625,0.6363636363636364,0.0,286.13145256368455,499.6570490393341,A,286.13145256368455,1.0,1,200.29201679457918,85.83943576910536
75,56,Suburban,Gold,94,4.79,Evening,Premium,153,485.0546633356366,0,0.8482142857142858,Medium_demand,High_supply,1.25,1.4736842105263157,0.05178571428571421,459.935761127184,705.7714254496639,A,485.0546633356366,0.9999998404029765,1,339.5382643349456,145.51639900069097
39,9,Urban,Gold,39,4.64,Afternoon,Premium,48,171.0859835160851,1,1.1916666666666667,Low_demand,Low_supply,0.975,0.8181818181818182,0.09166666666666656,186.76886533839289,261.47641147375003,B,261.47641147375003,1.0,1,183.033488031625,78.44292344212502
35,24,Suburban,Gold,73,3.76,Evening,Premium,105,485.8784537318511,0,0.8020833333333334,Low_demand,Medium_supply,0.875,1.0909090909090908,0.09791666666666665,438.30285513727404,563.0000174238285,B,563.0000174238285,7.436294105983103e-11,0,394.1000121966799,0.0
68,32,Suburban,Regular,34,3.58,Morning,Economy,77,294.7328864777875,1,0.7791666666666667,Medium_demand,Medium_supply,1.1333333333333333,1.4545454545454546,0.12083333333333335,259.1193293617215,459.9368096170557,B,459.9368096170557,0.9999999999994393,1,321.955766731939,137.98104288511672
96,43,Rural,Silver,97,3.68,Morning,Premium,91,392.83872040801793,1,1.0473729543496986,High_demand,High_supply,1.1851851851851851,1.131578947368421,0.0,392.83872040801793,727.1444714752413,A,392.83872040801793,1.0,1,274.98710428561253,117.8516161224054
28,11,Suburban,Gold,52,4.33,Afternoon,Premium,94,456.1809467866996,1,1.4,Low_demand,Medium_supply,0.7,0.5,0.2999999999999998,593.0352308227094,1009.197704052546,B,1009.197704052546,9.566652247376748e-108,0,706.4383928367821,0.0
25,15,Rural,Gold,65,4.88,Evening,Premium,101,502.5293207873477,0,0.9166666666666667,Low_demand,Medium_supply,0.625,0.6818181818181818,0.0,502.5293207873477,667.8614673263851,A,502.5293207873477,0.9990065023958953,1,351.77052455114335,150.75879623620432
28,6,Suburban,Regular,2,4.29,Morning,Economy,89,244.21766165291973,1,1.2833333333333334,Low_demand,Low_supply,0.7,0.5454545454545454,0.18333333333333335,288.99089962262167,527.4083918112846,A,244.21766165291973,1.0,1,170.9523631570438,73.26529849587592
73,17,Rural,Regular,14,4.81,Evening,Premium,170,634.7265312250814,0,1.5745098039215686,Medium_demand,Medium_supply,1.2166666666666666,0.7727272727272727,0.4745098039215685,935.9104931005121,1684.638887580922,A,634.7265312250814,1.977616071610705e-26,0,444.30857185755696,0.0
36,18,Urban,Silver,88,3.73,Night,Premium,92,345.40676830595487,0,1.0999999999999999,Low_demand,Medium_supply,0.9,0.8181818181818182,0.0,345.40676830595487,428.304392699384,A,345.40676830595487,1.0,1,241.78473781416838,103.62203049178649
56,10,Urban,Silver,55,4.5,Night,Economy,45,151.15212964816465,0,1.0266666666666666,Medium_demand,Low_supply,0.9333333333333333,0.9090909090909091,0.0,151.15212964816465,166.2673426129811,A,151.15212964816465,1.0,1,105.80649075371525,45.345638894449394
97,81,Suburban,Regular,52,4.56,Evening,Economy,125,530.7599938912294,0,0.5618046029568663,High_demand,High_supply,1.1975308641975309,2.1315789473684212,0.3381953970431337,351.2594070225739,583.8359932803525,B,583.8359932803525,2.2227053153609396e-15,0,408.6851952962467,0.0
63,9,Rural,Regular,89,3.87,Afternoon,Premium,166,482.85016419959805,1,1.2833333333333332,Medium_demand,Low_supply,1.05,0.8181818181818182,0.18333333333333313,571.3726943028576,1304.7295474405753,B,1304.7295474405753,6.409668698258359e-172,0,913.3106832084027,0.0
78,33,Urban,Silver,35,4.46,Morning,Premium,116,355.9595074862448,1,0.8666666666666667,Medium_demand,Medium_supply,1.3,1.5,0.033333333333333326,344.09419057003663,627.9718977903169,B,627.9718977903169,5.792846182527585e-25,0,439.5803284532218,0.0
29,10,Suburban,Regular,25,3.77,Afternoon,Economy,91,303.9609626071891,1,0.7975,Low_demand,Low_supply,0.725,0.9090909090909091,0.10250000000000004,272.80496393995224,511.50930738741044,B,511.50930738741044,0.9185862492803456,1,358.0565151711873,153.45279221622314
73,33,Suburban,Silver,60,3.88,Night,Premium,161,514.8771742414517,0,0.811111111111111,Medium_demand,Medium_supply,1.2166666666666666,1.5,0.08888888888888902,469.1103143088782,767.9335845236335,B,767.9335845236335,2.347458286528106e-55,0,537.5535091665434,0.0
94,29,Urban,Regular,67,3.59,Evening,Premium,96,361.13235495172165,0,0.8803746275010643,High_demand,Medium_supply,1.1604938271604939,1.3181818181818181,0.0196253724989357,354.04499796437625,456.71804737404534,A,361.13235495172165,1.0,1,252.79264846620515,108.3397064855165
54,28,Suburban,Silver,83,4.49,Night,Economy,32,80.26246462184758,0,0.7071428571428572,Medium_demand,Medium_supply,0.9,1.2727272727272727,0.19285714285714284,64.78327501620555,88.28871108403236,B,88.28871108403236,1.0,1,61.80209775882265,26.48661332520971
67,6,Rural,Gold,15,3.53,Night,Economy,123,420.6239113101238,0,2.0472222222222225,Medium_demand,Low_supply,1.1166666666666667,0.5454545454545454,0.9472222222222224,819.0482273011022,1179.4294473135874,B,1179.4294473135874,1.0361117907222712e-144,0,825.6006131195111,0.0
23,8,Urban,Silver,27,4.73,Afternoon,Economy,117,520.8926706123274,1,0.7906249999999999,Low_demand,Low_supply,0.575,0.7272727272727273,0.10937500000000011,463.920034764104,846.6540634444898,A,520.8926706123274,0.09377494282627816,1,364.62486942862915,156.26780118369823
70,14,Urban,Silver,16,4.3,Morning,Economy,53,183.07579104191225,1,1.8333333333333335,Medium_demand,Medium_supply,1.1666666666666667,0.6363636363636364,0.7333333333333334,317.33137113931457,483.9303409874547,B,483.9303409874547,0.9999999090335344,1,338.7512386912183,145.1791022962364
20,10,Rural,Silver,70,4.92,Evening,Economy,65,190.13746358777752,0,0.55,Low_demand,Low_supply,0.5,0.9090909090909091,0.35,123.58935133205539,209.1512099465553,A,190.13746358777752,1.0,1,133.09622451144426,57.041239076333255
95,84,Suburban,Gold,18,3.86,Afternoon,Premium,112,522.3021028701461,1,0.530570252792475,High_demand,High_supply,1.1728395061728396,2.210526315789474,0.36942974720752497,329.3481690408693,598.5902972317801,B,598.5902972317801,1.3900342230965677e-18,0,419.01320806224606,0.0
43,16,Urban,Silver,40,4.89,Night,Premium,106,410.6863449474928,0,0.9854166666666666,Medium_demand,Medium_supply,0.7166666666666667,0.7272727272727273,0.0,410.6863449474928,533.8922484317407,A,410.6863449474928,1.0,1,287.4804414632449,123.20590348424787
97,55,Suburban,Silver,94,4.62,Evening,Premium,150,584.9958711291002,0,0.827384960718294,High_demand,High_supply,1.1975308641975309,1.4473684210526316,0.07261503928170598,542.5163729674248,860.9734838993032,B,860.9734838993032,1.4697397358472995e-75,0,602.6814387295123,0.0
32,20,Rural,Silver,44,3.55,Night,Economy,68,301.62262644973293,0,0.8800000000000001,Low_demand,Medium_supply,0.8,0.9090909090909091,0.019999999999999907,295.5901739207383,353.2302578352823,B,353.2302578352823,1.0,1,247.2611804846976,105.96907735058471
95,25,Suburban,Regular,72,4.16,Morning,Premium,128,413.5870840445325,1,1.0320987654320988,High_demand,Medium_supply,1.1728395061728396,1.1363636363636365,0.0,413.5870840445325,830.999848616477,A,413.5870840445325,1.0,1,289.51095883117273,124.07612521335977
47,15,Urban,Gold,14,4.84,Night,Economy,89,273.11810461931896,0,1.148888888888889,Medium_demand,Medium_supply,0.7833333333333333,0.6818181818181818,0.04888888888888898,286.47054528959677,329.44112708303635,A,273.11810461931896,1.0,1,191.18267323352325,81.93543138579571
25,11,Rural,Silver,33,3.85,Night,Economy,94,247.1745626508575,0,1.25,Low_demand,Medium_supply,0.625,0.5,0.1499999999999999,284.2507470484861,382.31725478021383,A,247.1745626508575,1.0,1,173.02219385560025,74.15236879525725
37,22,Rural,Regular,76,4.72,Afternoon,Economy,69,213.4432507972432,1,0.925,Low_demand,Medium_supply,0.925,1.0,0.0,213.4432507972432,380.6760377968833,A,213.4432507972432,1.0,1,149.41027555807023,64.03297523917297
59,39,Suburban,Gold,49,3.78,Morning,Premium,98,295.79438015283176,1,0.958119658119658,Medium_demand,High_supply,0.9833333333333333,1.0263157894736843,0.0,295.79438015283176,508.0268479124885,A,295.79438015283176,1.0,1,207.05606610698223,88.73831404584953
42,20,Urban,Silver,88,4.64,Night,Premium,29,145.0698091748401,0,0.77,Medium_demand,Medium_supply,0.7,0.9090909090909091,0.13,126.21073398211088,159.5767900923241,A,145.0698091748401,1.0,1,101.54886642238806,43.52094275245203
53,11,Rural,Regular,2,3.5,Afternoon,Premium,81,297.0186264188845,1,1.7666666666666666,Medium_demand,Medium_supply,0.8833333333333333,0.5,0.6666666666666665,495.0310440314741,940.5589836598009,A,297.0186264188845,1.0,1,207.91303849321912,89.10558792566536
79,64,Rural,Regular,91,4.57,Night,Economy,164,666.6870291344428,0,0.7817708333333334,Medium_demand,High_supply,1.3166666666666667,1.6842105263157894,0.11822916666666661,587.865177252402,1022.2975432419271,A,666.6870291344428,2.2699068861881984e-33,0,466.68092039410993,0.0
59,23,Urban,Gold,41,4.97,Evening,Premium,91,449.5456339145253,0,0.9405797101449275,Medium_demand,Medium_supply,0.9833333333333333,1.0454545454545454,0.0,449.5456339145253,539.4547606974304,B,539.4547606974304,9.64139567373931e-06,0,377.61833248820125,0.0
40,29,Urban,Regular,72,4.3,Afternoon,Economy,147,624.9860100296204,1,0.5057471264367817,Medium_demand,Medium_supply,0.6666666666666666,1.3181818181818181,0.39425287356321836,378.5834796386321,770.4173810646164,B,770.4173810646164,6.780290754164745e-56,0,539.2921667452314,0.0
76,40,Suburban,Silver,77,4.17,Morning,Economy,28,96.03520851587072,1,1.2033333333333334,Medium_demand,High_supply,1.2666666666666666,1.0526315789473684,0.10333333333333328,105.95884672917735,156.87207258254705,A,96.03520851587072,1.0,1,67.2246459611095,28.81056255476122
41,26,Urban,Regular,96,3.91,Night,Economy,169,637.7593915947267,0,0.5782051282051281,Medium_demand,Medium_supply,0.6833333333333333,1.1818181818181819,0.3217948717948719,432.5316899405261,709.3519715024629,B,709.3519715024629,1.2343363587184583e-42,0,496.546380051724,0.0
83,14,Urban,Regular,80,4.77,Night,Premium,64,295.5887110300315,0,1.6102292768959439,High_demand,Medium_supply,1.0246913580246915,0.6363636363636364,0.5102292768959438,446.40672531748856,508.9036668619369,B,508.9036668619369,0.9764802005691249,1,356.23256680335584,152.6711000585811
44,17,Rural,Regular,15,4.0,Evening,Economy,98,353.33854512223814,0,0.9490196078431372,Medium_demand,Medium_supply,0.7333333333333333,0.7727272727272727,0.0,353.33854512223814,494.67396317113344,B,494.67396317113344,0.9999804196354933,1,346.2717742197934,148.40218895134007
91,73,Urban,Gold,61,4.39,Night,Economy,15,62.25429041832141,0,0.5848131236259091,High_demand,High_supply,1.123456790123457,1.9210526315789473,0.31518687637409093,42.63255508048519,68.47971946015356,B,68.47971946015356,1.0,1,47.93580362210749,20.54391583804607
54,16,Suburban,Regular,8,4.5,Afternoon,Premium,67,266.0685899337195,1,1.2375,Medium_demand,Medium_supply,0.9,0.7272727272727273,0.13749999999999996,302.65302104960597,522.0764613105703,A,266.0685899337195,1.0,1,186.24801295360365,79.82057698011587
59,37,Rural,Silver,86,4.67,Night,Premium,95,340.1282671016029,0,0.5846846846846846,Medium_demand,Medium_supply,0.9833333333333333,1.6818181818181819,0.3153153153153154,232.88061531280914,374.1410938117632,B,374.1410938117632,1.0,1,261.8987656682342,112.242328143529
72,43,Suburban,Gold,28,4.87,Afternoon,Economy,132,443.258155352454,1,1.0604651162790697,Medium_demand,High_supply,1.2,1.131578947368421,0.0,443.258155352454,849.9475128883306,A,443.258155352454,0.9999999999999998,1,310.2807087467178,132.97744660573625
47,9,Rural,Gold,49,4.44,Evening,Economy,96,265.05527443495566,0,0.9574074074074074,Medium_demand,Low_supply,0.7833333333333333,0.8181818181818182,0.0,265.05527443495566,341.92130402109285,B,341.92130402109285,1.0,1,239.34491281476497,102.57639120632788
32,22,Rural,Silver,49,4.65,Night,Economy,60,221.4343854791753,0,0.8,Low_demand,Medium_supply,0.8,1.0,0.09999999999999998,199.29094693125776,238.15268158285303,B,238.15268158285303,1.0,1,166.70687710799712,71.44580447485592
45,13,Rural,Regular,96,4.84,Night,Economy,112,393.2308288248255,0,1.2692307692307692,Medium_demand,Medium_supply,0.75,0.5909090909090909,0.16923076923076907,459.77758447210357,684.6088232789623,B,684.6088232789623,2.912996018196188e-37,0,479.22617629527355,0.0
72,45,Urban,Silver,82,4.42,Night,Premium,40,151.58040412487964,0,1.0133333333333334,Medium_demand,High_supply,1.2,1.1842105263157894,0.0,151.58040412487964,166.7384445373676,A,151.58040412487964,1.0,1,106.10628288741574,45.47412123746389
56,15,Urban,Gold,34,4.72,Night,Premium,78,313.9950046053331,0,1.368888888888889,Medium_demand,Medium_supply,0.9333333333333333,0.6818181818181818,0.26888888888888896,398.4247725103227,438.267249761355,B,438.267249761355,1.0,1,306.78707483294846,131.48017492840654
42,22,Rural,Silver,67,3.81,Afternoon,Premium,82,366.1515260551269,1,0.7,Medium_demand,Medium_supply,0.7,1.0,0.20000000000000007,292.9212208441015,527.5511187402269,A,366.1515260551269,1.0,1,256.3060682385888,109.8454578165381
52,14,Suburban,Silver,87,3.54,Afternoon,Premium,98,425.97356882411634,1,1.361904761904762,Medium_demand,Medium_supply,0.8666666666666667,0.6363636363636364,0.26190476190476186,537.5380749447182,957.0865424390707,B,957.0865424390707,1.9794974862315928e-96,0,669.9605797073494,0.0
81,23,Urban,Gold,39,4.3,Evening,Economy,143,359.0531279855558,0,1.291304347826087,Medium_demand,Medium_supply,1.35,1.0454545454545454,0.19130434782608696,427.7415524697491,620.2252510811362,A,359.0531279855558,1.0,1,251.33718958988905,107.71593839566677
77,25,Rural,Regular,70,4.27,Afternoon,Premium,52,260.34417984860374,1,1.1293333333333333,Medium_demand,Medium_supply,1.2833333333333334,1.1363636363636365,0.02933333333333321,267.9809424574961,464.5449637500695,B,464.5449637500695,0.9999999999943843,1,325.1814746250486,139.36348912502086
27,6,Urban,Gold,2,4.42,Night,Economy,86,320.30170917475425,0,1.2375000000000003,Low_demand,Low_supply,0.675,0.5454545454545454,0.13750000000000018,364.34319418628303,418.99467331422545,A,320.30170917475425,1.0,1,224.21119642232796,96.09051275242629
74,34,Rural,Regular,18,4.66,Morning,Premium,140,454.49212153190336,1,0.7980392156862746,Medium_demand,Medium_supply,1.2333333333333334,1.5454545454545454,0.10196078431372546,408.15174835610145,897.9338463834233,A,454.49212153190336,0.9999999999999631,1,318.1444850723323,136.34763645957105
92,69,Urban,Silver,88,4.69,Afternoon,Economy,18,45.11502370436019,1,0.625514403292181,High_demand,High_supply,1.1358024691358024,1.8157894736842106,0.274485596707819,32.731599502381485,46.15155529835789,B,46.15155529835789,1.0,1,32.306088708850524,13.845466589507367
77,34,Rural,Gold,33,4.13,Night,Premium,48,223.6621142931812,0,0.8303921568627451,Medium_demand,Medium_supply,1.2833333333333334,1.5454545454545454,0.06960784313725488,208.09347692571467,246.02832572249932,A,223.6621142931812,1.0,1,156.56348000522684,67.09863428795435
66,6,Rural,Regular,23,4.2,Evening,Economy,45,173.1577542620492,0,2.016666666666667,Medium_demand,Low_supply,1.1,0.5454545454545454,0.916666666666667,331.88569566892767,381.66855001926683,B,381.66855001926683,1.0,1,267.16798501348677,114.50056500578006
77,39,Urban,Regular,23,4.29,Morning,Economy,167,592.240499627505,1,1.2504273504273504,Medium_demand,High_supply,1.2833333333333334,1.0263157894736843,0.15042735042735034,681.3296688022407,1464.8587879248175,B,1464.8587879248175,1.084458196420876e-206,0,1025.4011515473721,0.0
35,16,Urban,Regular,31,4.75,Afternoon,Premium,113,379.3078104185831,1,1.203125,Low_demand,Medium_supply,0.875,0.7272727272727273,0.10312499999999991,418.4239283679994,795.0054638991988,B,795.0054638991988,3.1046594542699527e-61,0,556.5038247294392,0.0
48,38,Rural,Gold,40,3.7,Evening,Premium,80,360.7111703191874,0,0.4631578947368421,Medium_demand,Medium_supply,0.8,1.7272727272727273,0.4368421052631579,203.13734328501604,396.78228735110616,B,396.78228735110616,1.0,1,277.7476011457743,119.03468620533187
61,18,Rural,Gold,84,3.93,Evening,Premium,58,203.49261837786293,0,1.2425925925925925,Medium_demand,Medium_supply,1.0166666666666666,0.8181818181818182,0.14259259259259238,232.5091584058174,250.877381919877,B,250.877381919877,1.0,1,175.6141673439139,75.2632145759631
71,21,Suburban,Silver,82,4.88,Afternoon,Premium,126,553.5451307734787,1,1.2396825396825397,Medium_demand,Medium_supply,1.1833333333333333,0.9545454545454546,0.13968253968253963,630.8657204688218,1217.8862733650603,B,1217.8862733650603,4.6196911644072985e-153,0,852.5203913555422,0.0
95,7,Rural,Gold,40,4.68,Evening,Economy,95,283.46644254307614,0,1.8430335097001767,High_demand,Low_supply,1.1728395061728396,0.6363636363636364,0.7430335097001766,494.09150822808147,637.3780456142251,B,637.3780456142251,5.252583304045741e-27,0,446.1646319299576,0.0
76,44,Suburban,Gold,20,3.56,Afternoon,Premium,105,435.14534513079855,1,1.0939393939393938,Medium_demand,High_supply,1.2666666666666666,1.1578947368421053,0.0,435.14534513079855,769.1193975186864,B,769.1193975186864,1.297483559534816e-55,0,538.3835782630804,0.0
32,13,Suburban,Regular,21,4.64,Afternoon,Economy,156,685.7681264991488,1,1.353846153846154,Low_demand,Medium_supply,0.8,0.5909090909090909,0.25384615384615383,859.8477278412404,1870.1688080546978,B,1870.1688080546978,1.0550188379759666e-294,0,1309.1181656382885,0.0
49,30,Rural,Silver,57,4.83,Evening,Economy,154,630.8608868741742,0,0.5988888888888889,Medium_demand,Medium_supply,0.8166666666666667,1.3636363636363635,0.3011111111111111,440.9016642709506,720.4333194187334,B,720.4333194187334,4.843389498021819e-45,0,504.30332359311336,0.0
38,17,Urban,Silver,92,4.41,Afternoon,Premium,138,546.1568747653598,1,1.2294117647058824,Low_demand,Medium_supply,0.95,0.7727272727272727,0.12941176470588234,616.8359997349946,1178.1567594938397,B,1178.1567594938397,1.9577952232618007e-144,0,824.7097316456877,0.0
92,35,Suburban,Regular,46,4.72,Morning,Economy,45,115.35700254441711,1,0.7139329805996473,High_demand,Medium_supply,1.1358024691358024,1.5909090909090908,0.18606701940035275,93.8928689140185,152.5759119852801,A,115.35700254441711,1.0,1,80.74990178109198,34.607100763325136
40,29,Suburban,Silver,26,4.26,Night,Economy,152,404.0498951423794,0,0.5057471264367817,Medium_demand,Medium_supply,0.6666666666666666,1.3181818181818181,0.39425287356321836,244.75206291957926,444.45488465661737,A,404.0498951423794,1.0,1,282.83492659966555,121.21496854271385
55,42,Suburban,Silver,24,4.49,Afternoon,Economy,45,156.03832988580584,1,0.8293650793650793,Medium_demand,High_supply,0.9166666666666666,1.105263157894737,0.07063492063492072,145.01657483831636,224.2318788437467,B,224.2318788437467,1.0,1,156.9623151906227,67.26956365312401
58,34,Rural,Gold,19,4.55,Morning,Premium,131,501.26295506529306,1,0.6254901960784314,Medium_demand,Medium_supply,0.9666666666666667,1.5454545454545454,0.27450980392156865,363.6613595571734,721.8677987209894,B,721.8677987209894,2.3640473619450575e-45,0,505.30745910469255,0.0
34,5,Urban,Regular,26,4.85,Evening,Premium,152,562.4369764527329,0,1.87,Low_demand,Low_supply,0.85,0.45454545454545453,0.77,995.5134483213373,1592.8215173141398,B,1592.8215173141398,1.7719815024072007e-234,0,1114.9750621198978,0.0
70,47,Suburban,Silver,3,3.66,Morning,Premium,53,216.8024750869831,1,0.9432624113475178,Medium_demand,High_supply,1.1666666666666667,1.236842105263158,0.0,216.8024750869831,346.07095085759676,B,346.07095085759676,1.0,1,242.2496656003177,103.82128525727904
51,24,Rural,Gold,25,4.68,Afternoon,Premium,16,120.09069016935676,1,0.7791666666666667,Medium_demand,Medium_supply,0.85,1.0909090909090908,0.12083333333333335,105.57973177389282,156.78590168423085,B,156.78590168423085,1.0,1,109.7501311789616,47.035770505269255
88,56,Rural,Regular,11,4.36,Afternoon,Economy,60,221.1576532597614,1,0.7372134038800705,High_demand,High_supply,1.0864197530864197,1.4736842105263157,0.16278659611992952,185.1561516797332,333.28107302351975,B,333.28107302351975,1.0,1,233.2967511164638,99.98432190705594
25,8,Suburban,Silver,83,3.53,Evening,Economy,121,492.7012709061221,0,0.859375,Low_demand,Low_supply,0.625,0.7272727272727273,0.04062500000000002,472.6852817755609,679.248749911481,B,679.248749911481,4.248787728160359e-36,0,475.47412493803665,0.0
34,19,Rural,Regular,51,4.2,Night,Premium,166,754.2344800100251,0,0.9842105263157894,Low_demand,Medium_supply,0.85,0.8636363636363636,0.0,754.2344800100251,1311.6137607374337,B,1311.6137607374337,2.050914987673124e-173,0,918.1296325162035,0.0
40,15,Urban,Regular,90,3.62,Night,Premium,42,211.52772882563164,0,0.9777777777777777,Medium_demand,Medium_supply,0.6666666666666666,0.6818181818181818,0.0,211.52772882563164,219.9888379786569,A,211.52772882563164,1.0,1,148.06941017794213,63.45831864768951
26,7,Suburban,Gold,58,4.91,Afternoon,Economy,161,460.75927538572495,1,1.0214285714285716,Low_demand,Low_supply,0.65,0.6363636363636364,0.0,460.75927538572495,945.3628432726612,B,945.3628432726612,6.955428368190604e-94,0,661.7539902908628,0.0
81,42,Suburban,Regular,88,4.14,Afternoon,Economy,47,164.10747354764283,1,1.2214285714285713,Medium_demand,High_supply,1.35,1.105263157894737,0.12142857142857122,184.03480962128515,296.1580173830531,A,164.10747354764283,1.0,1,114.87523148334996,49.23224206429286
80,56,Suburban,Gold,63,4.57,Night,Premium,43,213.6962129956236,0,0.9047619047619048,Medium_demand,High_supply,1.3333333333333333,1.4736842105263157,0.0,213.6962129956236,235.06583429518597,B,235.06583429518597,1.0,1,164.54608400663017,70.5197502885558
64,19,Rural,Gold,86,4.68,Night,Premium,171,732.9893961300692,0,1.2350877192982457,Medium_demand,Medium_supply,1.0666666666666667,0.8636363636363636,0.1350877192982456,832.0072619230785,1396.9401927688489,B,1396.9401927688489,6.0750291052444445e-192,0,977.8581349381941,0.0
45,18,Rural,Gold,68,4.07,Morning,Economy,136,350.6012026111729,1,0.9166666666666666,Medium_demand,Medium_supply,0.75,0.8181818181818182,0.0,350.6012026111729,690.1584673400939,A,350.6012026111729,1.0,1,245.420841827821,105.18036078335189
84,49,Urban,Regular,32,4.25,Night,Premium,53,192.8798062051633,0,0.8042328042328042,High_demand,High_supply,1.037037037037037,1.2894736842105263,0.09576719576719583,174.40824804477464,212.16778682567966,B,212.16778682567966,1.0,1,148.51745077797574,63.65033604770392
34,16,Urban,Silver,47,4.12,Evening,Economy,93,294.11580585015537,0,1.16875,Low_demand,Medium_supply,0.85,0.7272727272727273,0.06874999999999987,314.3362675023535,392.9203343779419,A,294.11580585015537,1.0,1,205.88106409510874,88.23474175504663
67,32,Suburban,Regular,40,4.47,Afternoon,Premium,13,82.52418774801069,1,0.7677083333333333,Medium_demand,Medium_supply,1.1166666666666667,1.4545454545454546,0.1322916666666667,71.60692541051344,112.78090752155867,B,112.78090752155867,1.0,1,78.94663526509106,33.834272256467614
93,23,Suburban,Silver,34,4.23,Evening,Premium,125,386.169069413996,0,1.0982286634460547,High_demand,Medium_supply,1.1481481481481481,1.0454545454545454,0.0,386.169069413996,558.9797279767592,B,558.9797279767592,5.55074554281476e-10,0,391.28580958373146,0.0
100,51,Urban,Silver,56,3.58,Night,Economy,89,310.9003272621974,0,0.9198741224885015,High_demand,High_supply,1.2345679012345678,1.3421052631578947,0.0,310.9003272621974,369.97138944201487,A,310.9003272621974,1.0,1,217.63022908353815,93.27009817865923
35,22,Suburban,Gold,15,4.23,Morning,Premium,120,373.96284065200393,1,0.875,Low_demand,Medium_supply,0.875,1.0,0.025000000000000022,364.6137696357038,680.9162147946769,B,680.9162147946769,1.845778722418403e-36,0,476.6413503562738,0.0
36,13,Rural,Silver,31,4.71,Night,Economy,71,221.55110013131716,0,1.523076923076923,Low_demand,Medium_supply,0.9,0.5909090909090909,0.4230769230769229,315.28425787918206,392.5289010595817,A,221.55110013131716,1.0,1,155.085770091922,66.46533003939516
28,18,Suburban,Regular,100,3.7,Afternoon,Economy,127,531.1127009643968,1,0.8555555555555554,Low_demand,Medium_supply,0.7,0.8181818181818182,0.04444444444444462,507.50769203264576,1011.7165840670793,B,1011.7165840670793,2.7151394628172684e-108,0,708.2016088469555,0.0
21,9,Urban,Gold,10,3.88,Morning,Premium,108,324.9426389036563,1,0.6416666666666666,Low_demand,Low_supply,0.525,0.8181818181818182,0.2583333333333334,240.99912385354506,409.69851055102663,A,324.9426389036563,1.0,1,227.45984723255938,97.48279167109692
26,15,Urban,Regular,35,5.0,Morning,Premium,161,493.4068923175674,1,0.9533333333333335,Low_demand,Medium_supply,0.65,0.6818181818181818,0.0,493.4068923175674,1060.8248184827698,A,493.4068923175674,0.9999896083664579,1,345.3848246222972,148.0220676952702
97,21,Suburban,Regular,59,3.87,Evening,Premium,174,778.6333560141928,0,1.2545561434450323,High_demand,Medium_supply,1.1975308641975309,0.9545454545454546,0.1545561434450322,898.9759246774092,1563.7686209763538,B,1563.7686209763538,3.6075758036395543e-228,0,1094.6380346834476,0.0
26,15,Urban,Silver,10,3.71,Morning,Premium,171,720.1572085631501,1,0.9533333333333335,Low_demand,Medium_supply,0.65,0.6818181818181818,0.0,720.1572085631501,1530.334068196694,B,1530.334068196694,6.56804854398164e-221,0,1071.2338477376857,0.0
91,56,Urban,Gold,17,4.66,Night,Economy,10,38.23523523879646,0,0.7623456790123458,High_demand,High_supply,1.123456790123457,1.4736842105263157,0.13765432098765418,32.97198989419671,42.05875876267611,A,38.23523523879646,1.0,1,26.764664667157522,11.470570571638941
65,48,Rural,Silver,12,4.37,Afternoon,Premium,140,573.5891064527985,1,0.8576388888888888,Medium_demand,High_supply,1.0833333333333333,1.263157894736842,0.04236111111111118,549.2912345822285,1163.124189227869,B,1163.124189227869,3.5978944810840674e-141,0,814.1869324595083,0.0
88,28,Urban,Gold,22,4.99,Night,Premium,154,682.016246966075,0,0.8536155202821869,High_demand,Medium_supply,1.0864197530864197,1.2727272727272727,0.04638447971781312,650.381278191458,975.571917287187,B,975.571917287187,1.9164911069664051e-100,0,682.9003421010309,0.0
82,13,Suburban,Gold,32,3.58,Night,Economy,148,516.4367273015673,0,1.7132003798670465,High_demand,Medium_supply,1.0123456790123457,0.5909090909090909,0.6132003798670465,833.1159246601827,1245.5083073669732,B,1245.5083073669732,4.6404967204804e-159,0,871.8558151568812,0.0
65,40,Urban,Silver,48,3.59,Evening,Economy,121,492.5196024192815,0,1.0291666666666666,Medium_demand,High_supply,1.0833333333333333,1.0526315789473684,0.0,492.5196024192815,689.5274433869942,A,492.5196024192815,0.9999933317344439,1,344.763721693497,147.7558807257845
41,6,Urban,Silver,56,4.32,Night,Economy,11,49.234784001519046,0,1.252777777777778,Medium_demand,Low_supply,0.6833333333333333,0.5454545454545454,0.1527777777777779,56.756764890640014,53.351358997201615,A,49.234784001519046,1.0,1,34.46434880106333,14.770435200455715
85,36,Rural,Silver,64,4.32,Evening,Economy,152,506.6928860981053,0,0.6412894375857339,High_demand,Medium_supply,1.0493827160493827,1.6363636363636365,0.25871056241426615,375.60608456435676,613.7403421781589,A,506.6928860981053,0.9920885576176734,1,354.68502026867367,152.00786582943164
35,13,Rural,Silver,80,3.8,Afternoon,Economy,93,304.3133394836575,1,1.4807692307692306,Low_demand,Medium_supply,0.875,0.5909090909090909,0.3807692307692305,420.18649567166545,777.765203488253,A,304.3133394836575,1.0,1,213.01933763856024,91.29400184509726
83,29,Urban,Silver,78,4.42,Afternoon,Premium,23,111.179341237614,1,0.7773520647083867,High_demand,Medium_supply,1.0246913580246915,1.3181818181818181,0.12264793529161333,97.54342458773891,137.53622866871186,A,111.179341237614,1.0,1,77.8255388663298,33.3538023712842
91,31,Urban,Regular,12,4.39,Night,Economy,39,163.21458328772866,0,0.7972919155714855,High_demand,Medium_supply,1.123456790123457,1.4090909090909092,0.10270808442851453,146.45112608744782,179.53604161650154,A,163.21458328772866,1.0,1,114.25020830141005,48.9643749863186
44,28,Rural,Regular,31,4.92,Night,Premium,132,402.856989480614,0,0.5761904761904761,Medium_demand,Medium_supply,0.7333333333333333,1.2727272727272727,0.3238095238095239,272.408059553558,435.85289528569285,A,402.856989480614,1.0,1,281.99989263642976,120.85709684418424
96,12,Suburban,Gold,15,4.97,Night,Economy,90,289.2351908680133,0,2.1728395061728394,High_demand,Medium_supply,1.1851851851851851,0.5454545454545454,1.0728395061728393,599.5381302066596,746.4249721072913,A,289.2351908680133,1.0,1,202.4646336076093,86.77055726040402
77,46,Suburban,Regular,97,4.2,Afternoon,Premium,25,150.53929481479082,1,1.060144927536232,Medium_demand,High_supply,1.2833333333333334,1.2105263157894737,0.0,150.53929481479082,234.72839543996258,A,150.53929481479082,1.0,1,105.37750637035357,45.16178844443725
91,80,Rural,Gold,74,4.74,Night,Economy,46,194.93555934032696,0,0.5336419753086421,High_demand,High_supply,1.123456790123457,2.1052631578947367,0.3663580246913579,123.51935287829978,214.42911527435967,B,214.42911527435967,1.0,1,150.10038069205177,64.3287345823079
93,42,Rural,Silver,75,4.66,Morning,Economy,160,674.6485035775572,1,1.038800705467372,High_demand,High_supply,1.1481481481481481,1.105263157894737,0.0,674.6485035775572,1484.9013563742037,A,674.6485035775572,4.238340392607848e-35,0,472.25395250429,0.0
41,9,Rural,Silver,73,3.51,Morning,Economy,150,551.5572340398235,1,0.8351851851851851,Medium_demand,Low_supply,0.6833333333333333,0.8181818181818182,0.06481481481481488,515.8081540557608,1109.5033393739416,B,1109.5033393739416,1.5836821637031127e-129,0,776.652337561759,0.0
61,44,Suburban,Regular,69,4.54,Afternoon,Economy,52,132.2147645898824,1,0.8780303030303029,Medium_demand,High_supply,1.0166666666666666,1.1578947368421053,0.021969696969697083,129.31004627692286,214.5576942849843,B,214.5576942849843,1.0,1,150.190385999489,64.36730828549531
83,10,Urban,Gold,28,3.91,Afternoon,Economy,23,70.11182411078714,1,1.1271604938271607,High_demand,Low_supply,1.0246913580246915,0.9090909090909091,0.02716049382716057,72.01609587675914,97.22172943362483,B,97.22172943362483,1.0,1,68.05521060353738,29.166518830087455
59,22,Rural,Regular,79,4.38,Morning,Premium,93,346.2847096470098,1,0.9833333333333333,Medium_demand,Medium_supply,0.9833333333333333,1.0,0.0,346.2847096470098,669.5414861024934,A,346.2847096470098,1.0,1,242.39929675290682,103.88541289410296
42,31,Suburban,Gold,62,4.95,Night,Premium,13,102.04473025177862,0,0.49677419354838703,Medium_demand,Medium_supply,0.7,1.4090909090909092,0.403225806451613,60.897661601867874,112.2492032769565,A,102.04473025177862,1.0,1,71.43131117624503,30.613419075533585
81,16,Suburban,Regular,73,4.89,Night,Economy,125,494.1401793052489,0,1.8562500000000002,Medium_demand,Medium_supply,1.35,0.7272727272727273,0.7562500000000001,867.8336899048435,1292.6382811132644,A,494.1401793052489,0.9999850061531512,1,345.89812551367424,148.24205379157468
72,19,Rural,Gold,89,4.74,Morning,Premium,45,183.658314681842,1,1.3894736842105262,Medium_demand,Medium_supply,1.2,0.8636363636363636,0.2894736842105261,236.82256366869098,359.61506293090724,A,183.658314681842,1.0,1,128.5608202772894,55.097494404552606
43,9,Rural,Silver,2,4.12,Morning,Economy,126,436.5576476487414,1,0.8759259259259259,Medium_demand,Low_supply,0.7166666666666667,0.8181818181818182,0.024074074074074137,426.04792650164205,859.5516917170629,B,859.5516917170629,2.9921177844307293e-75,0,601.686184201944,0.0
74,33,Urban,Silver,82,4.13,Afternoon,Economy,10,31.362081322241885,1,0.8222222222222223,Medium_demand,Medium_supply,1.2333333333333334,1.5,0.07777777777777772,28.922808330511963,40.78115974602187,A,31.362081322241885,1.0,1,21.953456925569316,9.408624396672568
68,45,Rural,Silver,65,4.19,Evening,Economy,112,323.4791093139413,0,0.9570370370370371,Medium_demand,High_supply,1.1333333333333333,1.1842105263157894,0.0,323.4791093139413,463.8690427561919,A,323.4791093139413,1.0,1,226.4353765197589,97.0437327941824
36,13,Urban,Silver,84,4.88,Evening,Premium,140,505.3840569466695,0,1.523076923076923,Low_demand,Medium_supply,0.9,0.5909090909090909,0.4230769230769229,719.2003887317989,1071.6085792103802,A,505.3840569466695,0.9958723746121259,1,353.76883986266864,151.61521708400085
51,5,Urban,Gold,0,4.59,Afternoon,Premium,92,320.8576215627125,1,1.87,Medium_demand,Low_supply,0.85,0.45454545454545453,0.77,567.9179901660011,937.0646837739018,A,320.8576215627125,1.0,1,224.60033509389874,96.25728646881376
63,23,Urban,Silver,48,4.09,Evening,Economy,49,214.5660524456202,0,1.0043478260869565,Medium_demand,Medium_supply,1.05,1.0454545454545454,0.0,214.5660524456202,214.5660524456202,A,214.5660524456202,1.0,1,150.19623671193412,64.36981573368607
96,29,Urban,Regular,84,3.65,Night,Economy,176,758.5015334295354,0,0.8991060025542784,High_demand,Medium_supply,1.1851851851851851,1.3181818181818181,0.000893997445721606,757.8234349960734,1280.7216051433638,B,1280.7216051433638,1.0473552478960284e-166,0,896.5051236003546,0.0
94,59,Suburban,Regular,84,4.38,Morning,Premium,175,665.7295341217325,1,0.7474367022389622,High_demand,High_supply,1.1604938271604939,1.5526315789473684,0.15256329776103783,564.1636409792017,1274.5867058822614,A,665.7295341217325,3.6637467197135644e-33,0,466.0106738852127,0.0
74,32,Suburban,Regular,2,4.7,Evening,Premium,38,171.06636292972274,0,0.8479166666666667,Medium_demand,Medium_supply,1.2333333333333334,1.4545454545454546,0.05208333333333337,162.156656527133,188.17299922269504,B,188.17299922269504,1.0,1,131.72109945588653,56.45189976680851
91,13,Rural,Silver,32,3.6,Morning,Premium,160,647.3526381087524,1,1.9012345679012346,High_demand,Medium_supply,1.123456790123457,0.5909090909090909,0.8012345679012345,1166.033949383543,2585.680282758007,A,647.3526381087524,3.5844102377517927e-29,0,453.1468466761267,0.0
69,12,Suburban,Regular,42,4.34,Afternoon,Premium,158,608.1282399929386,1,2.1083333333333334,Medium_demand,Medium_supply,1.15,0.5454545454545454,1.0083333333333333,1221.3242153191516,2656.3801683191546,B,2656.3801683191546,0.0,0,1859.466117823408,0.0
51,20,Rural,Silver,57,3.68,Night,Economy,67,246.92292493661097,0,0.935,Medium_demand,Medium_supply,0.85,0.9090909090909091,0.0,246.92292493661097,292.3567431249474,A,246.92292493661097,1.0,1,172.84604745562766,74.07687748098331
45,17,Rural,Gold,10,4.93,Night,Premium,148,430.0665305032927,0,0.9705882352941176,Medium_demand,Medium_supply,0.75,0.7727272727272727,0.0,430.0665305032927,662.3024569750709,A,430.0665305032927,1.0,1,301.04657135230485,129.01995915098786
92,34,Suburban,Regular,98,3.99,Night,Economy,140,396.6387527092545,0,0.7349310094408134,High_demand,Medium_supply,1.1358024691358024,1.5454545454545454,0.16506899055918667,331.16599418288297,526.3883477536924,B,526.3883477536924,0.006585821680266111,0,368.47184342758464,0.0
69,36,Suburban,Gold,55,4.74,Morning,Economy,109,436.0114486061054,1,0.7027777777777777,Medium_demand,Medium_supply,1.15,1.6363636363636365,0.1972222222222223,350.020301797679,613.1480636740843,B,613.1480636740843,9.590619818862413e-22,0,429.20364457185894,0.0
56,14,Suburban,Silver,30,3.67,Night,Economy,48,202.9454568505992,0,1.4666666666666668,Medium_demand,Medium_supply,0.9333333333333333,0.6363636363636364,0.3666666666666667,277.3587910291522,290.53333360303697,B,290.53333360303697,1.0,1,203.37333352212588,87.16000008091109
43,26,Rural,Regular,59,4.91,Afternoon,Economy,175,731.7816872483901,1,0.6064102564102564,Medium_demand,Medium_supply,0.7166666666666667,1.1818181818181819,0.29358974358974366,516.9380893254653,1206.2750314409734,A,731.7816872483901,1.662963175075176e-47,0,512.247181073873,0.0
86,48,Urban,Silver,37,4.15,Night,Economy,84,216.05054809363543,0,0.8405349794238685,High_demand,High_supply,1.0617283950617284,1.263157894736842,0.059465020576131566,203.2030978057629,243.84371736691548,B,243.84371736691548,1.0,1,170.69060215684084,73.15311521007465
61,34,Urban,Gold,82,3.99,Night,Premium,10,83.86835620425342,0,0.657843137254902,Medium_demand,Medium_supply,1.0166666666666666,1.5454545454545454,0.24215686274509807,63.55905818224303,92.25519182467876,A,83.86835620425342,1.0,1,58.70784934297739,25.160506861276026
50,36,Suburban,Gold,18,4.61,Night,Economy,145,572.2420492964254,0,0.5092592592592593,Medium_demand,Medium_supply,0.8333333333333334,1.6363636363636365,0.3907407407407407,348.6437670713407,629.466254226068,A,572.2420492964254,7.319389116631809e-13,0,400.56943450749776,0.0
73,34,Urban,Regular,95,4.31,Morning,Premium,21,118.8070474355678,1,0.7872549019607843,Medium_demand,Medium_supply,1.2166666666666666,1.5454545454545454,0.11274509803921573,105.41213522469495,156.537020808672,B,156.537020808672,1.0,1,109.5759145660704,46.9611062426016
76,7,Urban,Gold,76,4.35,Morning,Economy,72,245.8935711917164,1,1.9904761904761905,Medium_demand,Low_supply,1.2666666666666666,0.6363636363636364,0.8904761904761904,464.85594172910197,713.5538705541715,B,713.5538705541715,1.5100896673696527e-43,0,499.48770938792,0.0
87,41,Urban,Regular,87,4.36,Night,Economy,87,387.1117403297744,0,0.9954832881662151,High_demand,High_supply,1.0740740740740742,1.0789473684210527,0.0,387.1117403297744,480.0185580089203,A,387.1117403297744,1.0,1,270.97821823084206,116.13352209893236
53,33,Rural,Regular,40,3.8,Morning,Premium,139,507.9505746530285,1,0.5888888888888889,Medium_demand,Medium_supply,0.8833333333333333,1.5,0.3111111111111111,349.92150698319745,752.3312400138745,A,507.9505746530285,0.9852646074157497,1,355.56540225711996,152.38517239590857
71,8,Suburban,Silver,57,3.68,Night,Economy,75,249.302974601016,0,1.6270833333333332,Medium_demand,Low_supply,1.1833333333333333,0.7272727272727273,0.5270833333333331,380.7064174636348,451.8985175293345,B,451.8985175293345,0.99999999999999,1,316.32896227053413,135.5695552588004
32,5,Rural,Gold,80,3.55,Night,Economy,14,45.91711193197189,0,1.7600000000000002,Low_demand,Low_supply,0.8,0.45454545454545453,0.6600000000000001,76.22240580707334,74.62173528512483,B,74.62173528512483,1.0,1,52.235214699587374,22.386520585537454
91,30,Suburban,Gold,34,3.69,Afternoon,Economy,96,424.6120578300381,1,0.8238683127572017,High_demand,Medium_supply,1.123456790123457,1.3636363636363635,0.07613168724279828,392.28562544380065,673.7505616997277,B,673.7505616997277,6.640204191167108e-35,0,471.6253931898093,0.0
47,37,Suburban,Gold,64,3.75,Morning,Economy,31,85.97357530080251,1,0.4657657657657657,Medium_demand,Medium_supply,0.7833333333333333,1.6818181818181819,0.4342342342342343,48.640905665679256,94.57093283088277,A,85.97357530080251,1.0,1,60.18150271056175,25.792072590240757
23,13,Rural,Silver,42,4.55,Night,Economy,87,328.9669925908357,0,0.973076923076923,Low_demand,Medium_supply,0.575,0.5909090909090909,0.0,328.9669925908357,426.01225540513224,A,328.9669925908357,1.0,1,230.27689481358496,98.69009777725071
57,20,Rural,Regular,92,3.74,Morning,Economy,53,172.62943414987132,1,1.045,Medium_demand,Medium_supply,0.95,0.9090909090909091,0.0,172.62943414987132,299.25312409880195,A,172.62943414987132,1.0,1,120.84060390490991,51.7888302449614
48,17,Suburban,Silver,2,4.09,Evening,Economy,85,261.9435328532634,0,1.035294117647059,Medium_demand,Medium_supply,0.8,0.7727272727272727,0.0,261.9435328532634,326.77455723444604,A,261.9435328532634,1.0,1,183.36047299728435,78.58305985597903
22,5,Urban,Gold,39,4.92,Evening,Economy,56,199.0416803252397,0,1.2100000000000002,Low_demand,Low_supply,0.55,0.45454545454545453,0.1100000000000001,220.93626516101608,220.93626516101608,A,199.0416803252397,1.0,1,139.32917622766777,59.71250409757192
60,19,Urban,Silver,37,4.22,Evening,Economy,68,232.2834549147445,0,1.1578947368421053,Medium_demand,Medium_supply,1.0,0.8636363636363636,0.05789473684210522,245.73144440980866,270.3045888507895,A,232.2834549147445,1.0,1,162.59841844032115,69.68503647442336
94,42,Rural,Regular,0,4.23,Morning,Premium,36,185.311838106628,1,1.049970605526161,High_demand,High_supply,1.1604938271604939,1.105263157894737,0.0,185.311838106628,305.7645328759362,B,305.7645328759362,1.0,1,214.03517301315532,91.72935986278088
43,6,Suburban,Silver,34,4.4,Morning,Premium,24,153.76143970087224,1,1.313888888888889,Medium_demand,Low_supply,0.7166666666666667,0.5454545454545454,0.21388888888888902,186.64930319244772,279.2740199016999,A,153.76143970087224,1.0,1,107.63300779061056,46.12843191026168
97,18,Suburban,Regular,53,4.25,Night,Premium,26,126.4771352873347,0,1.4636488340192042,High_demand,Medium_supply,1.1975308641975309,0.8181818181818182,0.3636488340192041,172.4703980646631,179.2829787882173,A,126.4771352873347,1.0,1,88.53399470113429,37.943140586200414
47,17,Rural,Silver,7,4.8,Morning,Economy,173,609.5038276051239,1,1.0137254901960784,Medium_demand,Medium_supply,0.7833333333333333,0.7727272727272727,0.0,609.5038276051239,1382.0499290946184,A,609.5038276051239,5.931745141881282e-21,0,426.6526793235867,0.0
39,28,Urban,Silver,72,3.76,Afternoon,Premium,87,287.1624375675698,1,0.7660714285714285,Low_demand,Medium_supply,0.975,1.2727272727272727,0.1339285714285715,248.7031825361988,412.84728301009,B,412.84728301009,1.0,1,288.99309810706296,123.85418490302703
50,39,Suburban,Regular,94,3.81,Evening,Premium,139,406.32480651562713,0,0.811965811965812,Medium_demand,High_supply,0.8333333333333334,1.0263157894736843,0.08803418803418805,370.55433209587534,570.4683942616,A,406.32480651562713,1.0,1,284.427364560939,121.89744195468813
35,17,Urban,Regular,78,4.4,Evening,Premium,61,249.03711265544783,0,1.1323529411764706,Low_demand,Medium_supply,0.875,0.7727272727272727,0.03235294117647047,257.0941957119476,293.0873831116202,A,249.03711265544783,1.0,1,174.32597885881347,74.71113379663436
28,8,Suburban,Regular,69,3.86,Evening,Premium,175,620.9016915662245,0,0.9624999999999999,Low_demand,Low_supply,0.7,0.7272727272727273,0.0,620.9016915662245,1080.0584924794475,B,1080.0584924794475,3.922250155252349e-123,0,756.0409447356133,0.0
51,32,Rural,Regular,98,4.44,Morning,Premium,51,267.0607016773296,1,0.584375,Medium_demand,Medium_supply,0.85,1.4545454545454546,0.31562500000000004,182.76966771042242,316.8312189760172,A,267.0607016773296,1.0,1,186.94249117413068,80.1182105031989
54,12,Suburban,Silver,84,4.98,Evening,Premium,172,715.7547930992089,0,1.6500000000000001,Medium_demand,Medium_supply,0.9,0.5454545454545454,0.55,1109.4199293037739,1871.5914207354667,A,715.7547930992089,5.024333718914895e-44,0,501.0283551694462,0.0
65,10,Urban,Regular,77,4.36,Afternoon,Economy,170,430.385487919734,1,1.1916666666666667,Medium_demand,Low_supply,1.0833333333333333,0.9090909090909091,0.09166666666666656,469.83749097904285,1026.5949177892087,A,430.385487919734,1.0,1,301.26984154381375,129.11564637592022
61,26,Rural,Gold,21,3.85,Morning,Premium,126,604.273047008686,1,0.8602564102564102,Medium_demand,Medium_supply,1.0166666666666666,1.1818181818181819,0.039743589743589824,580.2570669352639,1122.7974245197356,A,604.273047008686,8.11020921782934e-20,0,422.9911329060802,0.0
46,9,Suburban,Silver,67,4.22,Evening,Premium,47,243.5250631593867,0,0.937037037037037,Medium_demand,Low_supply,0.7666666666666667,0.8181818181818182,0.0,243.5250631593867,252.535490496284,A,243.5250631593867,1.0,1,170.46754421157067,73.05751894781602
73,50,Urban,Regular,7,4.22,Night,Economy,45,176.2144067384048,0,0.9246666666666665,Medium_demand,High_supply,1.2166666666666666,1.3157894736842106,0.0,176.2144067384048,185.02512707532503,B,185.02512707532503,1.0,1,129.51758895272752,55.50753812259751
86,49,Urban,Regular,99,3.51,Night,Economy,130,471.4796320940979,0,0.8233812043335853,High_demand,High_supply,1.0617283950617284,1.2894736842105263,0.07661879566641472,435.3554305018038,648.6795914476877,B,648.6795914476877,1.846177495289823e-29,0,454.07571401338134,0.0
75,7,Suburban,Gold,100,4.13,Morning,Economy,134,453.3769493913552,1,1.9642857142857144,Medium_demand,Low_supply,1.25,0.6363636363636364,0.8642857142857143,845.2241699367407,1594.0927845006934,B,1594.0927845006934,9.384411043896639e-235,0,1115.8649491504852,0.0
39,29,Suburban,Silver,12,4.24,Evening,Economy,97,251.1073064574406,0,0.7396551724137931,Low_demand,Medium_supply,0.975,1.3181818181818181,0.16034482758620694,210.84354869788544,273.56950443550636,A,251.1073064574406,1.0,1,175.7751145202084,75.33219193723218
33,6,Rural,Gold,90,4.81,Night,Premium,139,521.8019208244536,0,1.5125,Low_demand,Low_supply,0.825,0.5454545454545454,0.41249999999999987,737.0452131645407,1090.0898702703557,A,521.8019208244536,0.06162886998247028,0,365.26134457711754,0.0
40,29,Suburban,Silver,6,4.94,Night,Premium,71,346.4926515319707,0,0.5057471264367817,Medium_demand,Medium_supply,0.6666666666666666,1.3181818181818181,0.39425287356321836,209.88692799695238,381.1419166851678,A,346.4926515319707,1.0,1,242.54485607237947,103.94779545959122
54,35,Suburban,Silver,66,4.4,Night,Economy,77,234.0714535105622,0,0.5657142857142857,Medium_demand,Medium_supply,0.9,1.5909090909090908,0.3342857142857143,155.82471047988855,257.4785988616184,B,257.4785988616184,1.0,1,180.23501920313288,77.24357965848554
53,26,Urban,Gold,54,4.6,Night,Premium,52,184.0244513007148,0,0.7474358974358973,Medium_demand,Medium_supply,0.8833333333333333,1.1818181818181819,0.1525641025641027,155.94892603816982,202.4268964307863,A,184.0244513007148,1.0,1,128.81711591050035,55.20733539021444
81,34,Urban,Silver,98,3.55,Afternoon,Premium,164,554.8869659163038,1,0.873529411764706,Medium_demand,Medium_supply,1.35,1.5454545454545454,0.026470588235294024,540.1987815244016,1112.8094899402672,A,554.8869659163038,4.296188285181353e-09,0,388.42087614141263,0.0
45,20,Urban,Regular,80,4.73,Morning,Economy,63,192.61977241404605,1,0.8250000000000001,Medium_demand,Medium_supply,0.75,0.9090909090909091,0.07499999999999996,178.1732894829926,291.3133283046929,B,291.3133283046929,1.0,1,203.91932981328503,87.39399849140787
20,9,Urban,Silver,77,3.91,Evening,Economy,89,227.796524806166,0,0.611111111111111,Low_demand,Low_supply,0.5,0.8181818181818182,0.288888888888889,161.98863986216247,250.5761772867826,A,227.796524806166,1.0,1,159.4575673643162,68.3389574418498
47,22,Rural,Silver,11,4.8,Afternoon,Premium,119,416.601648993299,1,0.7833333333333333,Medium_demand,Medium_supply,0.7833333333333333,1.0,0.1166666666666667,367.99812327741415,724.0363075483125,B,724.0363075483125,7.994116337930345e-46,0,506.8254152838187,0.0
33,18,Urban,Gold,90,3.61,Evening,Premium,146,671.7128294096442,0,1.0083333333333333,Low_demand,Medium_supply,0.825,0.8181818181818182,0.0,671.7128294096442,967.2664743498876,B,967.2664743498876,1.219019989012687e-98,0,677.0865320449213,0.0
78,57,Rural,Silver,5,4.82,Morning,Premium,127,552.6397714448676,1,0.8666666666666667,Medium_demand,High_supply,1.3,1.5,0.033333333333333326,534.2184457300388,1077.7857142603534,B,1077.7857142603534,1.2219763717794144e-122,0,754.4499999822474,0.0
26,12,Rural,Silver,9,3.75,Afternoon,Economy,115,321.37240510655704,1,1.1916666666666669,Low_demand,Medium_supply,0.65,0.5454545454545454,0.09166666666666679,350.8315422413248,690.2610593598067,A,321.37240510655704,1.0,1,224.96068357458992,96.41172153196712
62,21,Rural,Regular,61,4.57,Night,Economy,56,215.4338699200544,0,1.0825396825396827,Medium_demand,Medium_supply,1.0333333333333334,0.9545454545454546,0.0,215.4338699200544,256.1508713349447,A,215.4338699200544,1.0,1,150.80370894403808,64.63016097601633
84,59,Suburban,Silver,67,4.27,Morning,Premium,164,758.9961232252967,1,0.6679221594475832,High_demand,High_supply,1.037037037037037,1.5526315789473684,0.23207784055241687,582.8499419595138,1241.7618013447443,A,758.9961232252967,2.0480612742674359e-53,0,531.2972862577077,0.0
49,8,Urban,Regular,1,4.06,Afternoon,Premium,157,694.4247148756359,1,1.1229166666666666,Medium_demand,Low_supply,0.8166666666666667,0.7272727272727273,0.022916666666666474,710.3386145915358,1491.7110906422254,A,694.4247148756359,2.1520190590998667e-39,0,486.0973004129451,0.0
34,22,Suburban,Gold,34,3.64,Morning,Economy,176,617.3632185255483,1,0.85,Low_demand,Medium_supply,0.85,1.0,0.050000000000000044,586.4950575992708,1241.903284466456,A,617.3632185255483,1.165567499988138e-22,0,432.1542529678838,0.0
49,30,Rural,Silver,86,3.62,Afternoon,Premium,69,328.63536897966003,1,0.5988888888888889,Medium_demand,Medium_supply,0.8166666666666667,1.3636363636363635,0.3011111111111111,229.67960787578463,390.6850129967097,A,328.63536897966003,1.0,1,230.04475828576201,98.59061069389801
83,50,Rural,Regular,7,3.66,Evening,Premium,100,376.3000600585162,0,0.7787654320987655,High_demand,High_supply,1.0246913580246915,1.3157894736842106,0.12123456790123455,330.67948487611335,479.4852530703644,A,376.3000600585162,1.0,1,263.4100420409613,112.8900180175549
88,5,Urban,Silver,89,3.59,Night,Economy,27,70.20380336705749,0,2.3901234567901235,High_demand,Low_supply,1.0864197530864197,0.45454545454545453,1.2901234567901234,160.7753768467798,151.128854235973,B,151.128854235973,1.0,1,105.7901979651811,45.3386562707919
90,71,Suburban,Gold,88,3.84,Morning,Economy,167,451.6848649701074,1,0.594679186228482,High_demand,High_supply,1.1111111111111112,1.868421052631579,0.305320813771518,313.776074429156,643.790060710021,A,451.6848649701074,0.9999999999999909,1,316.17940547907517,135.50545949103224
65,5,Rural,Silver,24,3.54,Night,Economy,119,301.40392677127403,0,2.3833333333333333,Medium_demand,Low_supply,1.0833333333333333,0.45454545454545453,1.2833333333333332,688.205632794409,994.4571393879211,B,994.4571393879211,1.5192629063212225e-104,0,696.1199975715447,0.0
73,28,Urban,Silver,22,4.57,Afternoon,Economy,53,153.39607111804412,1,0.9559523809523809,Medium_demand,Medium_supply,1.2166666666666666,1.2727272727272727,0.0,153.39607111804412,233.92900845501728,A,153.39607111804412,1.0,1,107.37724978263088,46.018821335413236
85,62,Suburban,Silver,54,3.78,Morning,Economy,114,339.66230419418656,1,0.6431700517722023,High_demand,High_supply,1.0493827160493827,1.631578947368421,0.2568299482277977,252.42685219305915,474.6886955490477,A,339.66230419418656,1.0,1,237.76361293593058,101.89869125825598
65,27,Rural,Gold,62,3.54,Night,Premium,162,733.4425366578176,0,0.882716049382716,Medium_demand,Medium_supply,1.0833333333333333,1.2272727272727273,0.01728395061728405,720.7657520736084,1174.127410127908,A,733.4425366578176,7.248260032710954e-48,0,513.4097756604723,0.0
74,42,Urban,Gold,88,3.5,Evening,Economy,77,203.8363809804033,0,1.115873015873016,Medium_demand,High_supply,1.2333333333333334,1.105263157894737,0.015873015873015817,207.07187909120336,225.70834820941167,B,225.70834820941167,1.0,1,157.99584374658815,67.71250446282352
41,7,Rural,Gold,68,4.3,Evening,Premium,66,284.5088586099128,0,1.0738095238095238,Medium_demand,Low_supply,0.6833333333333333,0.6363636363636364,0.0,284.5088586099128,321.2105013705916,B,321.2105013705916,1.0,1,224.84735095941411,96.36315041117749
79,23,Urban,Gold,88,3.88,Night,Economy,164,492.1134583590864,0,1.2594202898550726,Medium_demand,Medium_supply,1.3166666666666667,1.0454545454545454,0.1594202898550725,570.5663285322742,878.6721459397023,B,878.6721459397023,2.108748590448603e-79,0,615.0705021577916,0.0
53,7,Urban,Silver,64,4.55,Night,Premium,10,86.19117981050438,0,1.388095238095238,Medium_demand,Low_supply,0.8833333333333333,0.6363636363636364,0.28809523809523796,111.0224482797211,104.36110138293783,B,104.36110138293783,1.0,1,73.05277096805648,31.308330414881354
35,14,Urban,Silver,74,5.0,Night,Premium,175,727.8809447636283,0,1.375,Low_demand,Medium_supply,0.875,0.6363636363636364,0.2749999999999999,928.0482045736261,1521.9990555007466,A,727.8809447636283,1.1692788668676914e-46,0,509.51666133453983,0.0
53,40,Rural,Gold,79,3.66,Evening,Premium,30,158.65264164620277,0,0.8391666666666667,Medium_demand,High_supply,0.8833333333333333,1.0526315789473684,0.060833333333333295,149.00127261272544,174.51790581082307,B,174.51790581082307,1.0,1,122.16253406757613,52.355371743246934
36,23,Urban,Silver,42,4.66,Morning,Economy,14,44.52503661261306,1,0.8608695652173913,Low_demand,Medium_supply,0.9,1.0454545454545454,0.03913043478260869,42.78275257124994,60.96542241403115,A,44.52503661261306,1.0,1,31.16752562882914,13.357510983783918
38,25,Urban,Regular,2,4.24,Morning,Premium,128,452.4258268814717,1,0.8359999999999999,Low_demand,Medium_supply,0.95,1.1363636363636365,0.06400000000000017,423.4705739610575,825.7676192240622,A,452.4258268814717,0.9999999999999869,1,316.6980788170302,135.72774806444153
52,36,Rural,Silver,1,4.52,Morning,Premium,36,152.64047921471024,1,0.5296296296296296,Medium_demand,Medium_supply,0.8666666666666667,1.6363636363636365,0.37037037037037046,96.10696839444718,167.9045271361813,B,167.9045271361813,1.0,1,117.53316899532689,50.3713581408544
91,64,Suburban,Regular,26,4.56,Morning,Premium,96,420.2245689053783,1,0.6670524691358025,High_demand,High_supply,1.123456790123457,1.6842105263157894,0.2329475308641975,322.3342931703986,604.3767996944973,B,604.3767996944973,7.70020785307993e-20,0,423.0637597861481,0.0
87,5,Urban,Silver,59,4.32,Night,Economy,42,151.35930066309265,0,2.362962962962963,High_demand,Low_supply,1.0740740740740742,0.45454545454545453,1.262962962962963,342.52049150055416,339.0952865855486,B,339.0952865855486,1.0,1,237.366700609884,101.7285859756646
96,20,Suburban,Gold,88,3.6,Evening,Premium,71,242.27196569085137,0,1.3037037037037036,High_demand,Medium_supply,1.1851851851851851,0.9090909090909091,0.2037037037037035,291.6236624056544,330.847044999215,B,330.847044999215,1.0,1,231.59293149945046,99.25411349976451
83,59,Urban,Gold,8,4.85,Morning,Economy,31,119.0485543701777,1,0.6599707051684454,High_demand,High_supply,1.0246913580246915,1.5526315789473684,0.24002929483155466,90.47341381398795,122.13910864888373,B,122.13910864888373,1.0,1,85.4973760542186,36.64173259466513
48,23,Rural,Gold,0,4.46,Afternoon,Economy,174,472.56954081275165,1,0.7652173913043478,Medium_demand,Medium_supply,0.8,1.0454545454545454,0.13478260869565217,408.8753853119025,893.3927169065071,B,893.3927169065071,1.3411996598956136e-82,0,625.3749018345549,0.0
65,19,Suburban,Silver,24,4.59,Evening,Economy,96,334.6493506052282,0,1.2543859649122806,Medium_demand,Medium_supply,1.0833333333333333,0.8636363636363636,0.15438596491228052,386.31451350568443,501.24308127362553,B,501.24308127362553,0.9994775217948889,1,350.8701568915379,150.37292438208766
79,29,Suburban,Silver,0,4.86,Morning,Economy,127,406.0855256604135,1,0.9988505747126437,Medium_demand,Medium_supply,1.3166666666666667,1.3181818181818181,0.0,406.0855256604135,790.3439543165798,B,790.3439543165798,3.19336024624605e-60,0,553.2407680216058,0.0
100,22,Suburban,Silver,45,4.23,Night,Premium,141,551.365137615676,0,1.2345679012345678,High_demand,Medium_supply,1.2345679012345678,1.0,0.13456790123456774,625.5611869985261,968.0559368802191,A,551.365137615676,2.499416290692937e-08,0,385.95559633097315,0.0
73,63,Suburban,Silver,25,4.19,Afternoon,Economy,129,534.0181945871103,1,0.7338624338624338,Medium_demand,High_supply,1.2166666666666666,1.6578947368421053,0.16613756613756625,445.2977114652306,866.660670939205,B,866.660670939205,8.556249920032603e-77,0,606.6624696574435,0.0
79,67,Rural,Gold,56,4.01,Evening,Premium,151,501.2363000548165,0,0.7467661691542289,Medium_demand,High_supply,1.3166666666666667,1.763157894736842,0.15323383084577114,424.42994163845657,670.174877847123,B,670.174877847123,3.9685450762918975e-34,0,469.122414492986,0.0
88,55,Rural,Regular,56,4.0,Night,Premium,26,159.60691863182956,0,0.7506172839506172,High_demand,High_supply,1.0864197530864197,1.4473684210526316,0.1493827160493828,135.76440362633403,175.56761049501253,A,159.60691863182956,1.0,1,111.72484304228068,47.882075589548876
76,34,Suburban,Silver,10,4.92,Morning,Economy,103,359.8010509571677,1,0.8196078431372549,Medium_demand,Medium_supply,1.2666666666666666,1.5454545454545454,0.08039215686274515,330.87586842923855,610.8795720874817,B,610.8795720874817,2.9815587042932836e-21,0,427.61570046123717,0.0
49,30,Suburban,Silver,80,3.74,Night,Economy,85,348.6695624527248,0,0.5988888888888889,Medium_demand,Medium_supply,0.8166666666666667,1.3636363636363635,0.3011111111111111,243.68128309195987,383.5365186979973,A,348.6695624527248,1.0,1,244.06869371690735,104.60086873581744
100,64,Rural,Regular,7,4.89,Night,Premium,115,490.5040759704239,0,0.7330246913580247,High_demand,High_supply,1.2345679012345678,1.6842105263157894,0.1669753086419753,408.60200649511546,612.9030097426732,A,490.5040759704239,0.9999975658422603,1,343.35285317929674,147.15122279112717
87,26,Rural,Gold,63,4.2,Morning,Premium,118,485.683239513509,1,0.9088319088319089,High_demand,Medium_supply,1.0740740740740742,1.1818181818181819,0.0,485.683239513509,907.4991330309917,B,907.4991330309917,1.1596424197581262e-85,0,635.2493931216942,0.0
22,5,Rural,Silver,93,4.85,Evening,Economy,99,424.9275101964327,0,1.2100000000000002,Low_demand,Low_supply,0.55,0.45454545454545453,0.1100000000000001,471.66953631804034,629.2071614482659,A,424.9275101964327,1.0,1,297.44925713750285,127.47825305892985
21,11,Rural,Silver,23,3.76,Afternoon,Economy,12,40.442890652890384,1,1.05,Low_demand,Medium_supply,0.525,0.5,0.0,40.442890652890384,63.39423109840568,A,40.442890652890384,1.0,1,28.310023457023267,12.132867195867117
93,57,Suburban,Regular,34,4.89,Morning,Premium,80,258.424915281181,1,0.7654320987654321,High_demand,High_supply,1.1481481481481481,1.5,0.13456790123456797,223.6492168050714,408.1598206692553,A,258.424915281181,1.0,1,180.89744069682666,77.52747458435431
28,15,Rural,Gold,90,4.25,Night,Premium,177,511.929390993806,0,1.0266666666666666,Low_demand,Medium_supply,0.7,0.6818181818181818,0.0,511.929390993806,859.5294474786003,A,511.929390993806,0.9014330545150644,1,358.3505736956642,153.57881729814181
97,7,Urban,Silver,22,3.74,Afternoon,Premium,147,441.74670095471794,1,1.8818342151675485,High_demand,Low_supply,1.1975308641975309,0.6363636363636364,0.7818342151675484,787.1193861985035,1554.5607877420446,B,1554.5607877420446,3.603056292399109e-226,0,1088.192551419431,0.0
48,12,Urban,Silver,51,4.63,Night,Premium,32,175.5180543386476,0,1.4666666666666668,Medium_demand,Medium_supply,0.8,0.5454545454545454,0.3666666666666667,239.8746742628184,225.48219380704927,A,175.5180543386476,1.0,1,122.86263803705332,52.655416301594286
70,37,Urban,Silver,10,3.65,Night,Premium,168,658.5834276725151,0,0.6936936936936937,Medium_demand,Medium_supply,1.1666666666666667,1.6818181818181819,0.2063063063063063,522.7135133148521,836.3416213037633,B,836.3416213037633,3.280812704513726e-70,0,585.4391349126342,0.0
78,12,Rural,Silver,99,4.3,Afternoon,Economy,95,299.2909931126892,1,2.3833333333333337,Medium_demand,Medium_supply,1.3,0.5454545454545454,1.2833333333333337,683.3811009406404,1264.9384178411253,A,299.2909931126892,1.0,1,209.50369517888242,89.78729793380677
25,7,Rural,Regular,24,3.85,Evening,Premium,144,494.8027992189699,0,0.9821428571428572,Low_demand,Low_supply,0.625,0.6363636363636364,0.0,494.8027992189699,816.4246187113004,A,494.8027992189699,0.9999791168215868,1,346.36195945327887,148.440839765691
24,9,Urban,Gold,6,4.05,Afternoon,Premium,69,223.51901195083732,1,0.7333333333333333,Low_demand,Low_supply,0.6,0.8181818181818182,0.16666666666666674,186.26584329236442,279.39876493854666,A,223.51901195083732,1.0,1,156.46330836558613,67.0557035852512
92,37,Rural,Silver,7,4.92,Morning,Premium,103,434.5710508212173,1,0.675342008675342,High_demand,Medium_supply,1.1358024691358024,1.6818181818181819,0.22465799132465802,336.9411914558767,646.0847346166436,A,434.5710508212173,1.0,1,304.19973557485207,130.3713152463652
43,33,Rural,Gold,16,4.01,Morning,Premium,159,630.4284012724294,1,0.4777777777777778,Medium_demand,Medium_supply,0.7166666666666667,1.5,0.4222222222222222,364.24752073518135,759.4560807328533,B,759.4560807328533,1.6272880757472973e-53,0,531.6192565129973,0.0
96,23,Urban,Gold,8,4.23,Morning,Premium,90,445.1254111184949,1,1.1336553945249597,High_demand,Medium_supply,1.1851851851851851,1.0454545454545454,0.03365539452495958,460.1062824427727,759.175366030575,B,759.175366030575,1.872495855707497e-53,0,531.4227562214024,0.0
88,46,Rural,Gold,35,4.89,Afternoon,Premium,72,361.98552095653855,1,0.8974771873322598,High_demand,High_supply,1.0864197530864197,1.2105263157894737,0.0025228126677402374,361.07229929873085,608.4068243183615,A,361.98552095653855,1.0,1,253.38986466957698,108.59565628696157
83,43,Suburban,Regular,20,3.59,Morning,Economy,63,267.28219711727195,1,0.9055412001148436,High_demand,High_supply,1.0246913580246915,1.131578947368421,0.0,267.28219711727195,461.06179002729414,A,267.28219711727195,1.0,1,187.09753798209036,80.18465913518159
50,29,Urban,Regular,2,4.81,Morning,Economy,143,518.9547629602604,1,0.632183908045977,Medium_demand,Medium_supply,0.8333333333333334,1.3181818181818181,0.267816091954023,379.97032644331705,778.9391692088,B,778.9391692088,9.566774435072824e-58,0,545.2574184461599,0.0
97,75,Urban,Regular,15,4.94,Afternoon,Economy,163,575.4934491747886,1,0.6067489711934156,High_demand,High_supply,1.1975308641975309,1.9736842105263157,0.2932510288065844,406.72940313283203,874.4682167355888,A,575.4934491747886,1.440264721831645e-13,0,402.84541442235195,0.0
84,24,Suburban,Regular,39,4.08,Afternoon,Economy,86,349.4432162449335,1,0.9506172839506173,High_demand,Medium_supply,1.037037037037037,1.0909090909090908,0.0,349.4432162449335,637.7338696470036,A,349.4432162449335,1.0,1,244.61025137145344,104.83296487348008
68,40,Suburban,Silver,58,4.64,Morning,Premium,68,279.2349662242834,1,1.0766666666666667,Medium_demand,High_supply,1.1333333333333333,1.0526315789473684,0.0,279.2349662242834,455.2926124286941,A,279.2349662242834,1.0,1,195.46447635699838,83.77048986728505
77,30,Urban,Regular,99,4.7,Evening,Premium,179,689.7483154802385,0,0.9411111111111112,Medium_demand,Medium_supply,1.2833333333333334,1.3636363636363635,0.0,689.7483154802385,1165.6746531616031,B,1165.6746531616031,1.0051299545168108e-141,0,815.9722572131221,0.0
82,67,Urban,Regular,13,4.43,Afternoon,Economy,33,88.76294359232648,1,0.5741662060070021,High_demand,High_supply,1.0123456790123457,1.763157894736842,0.32583379399299794,59.84097691565228,89.76146537347842,B,89.76146537347842,1.0,1,62.83302576143489,26.928439612043526
21,8,Suburban,Gold,37,3.71,Evening,Premium,171,621.7963494961118,0,0.721875,Low_demand,Low_supply,0.525,0.7272727272727273,0.17812499999999998,511.0388747421169,840.6589489507824,B,840.6589489507824,3.788660160579814e-71,0,588.4612642655476,0.0
75,24,Rural,Regular,44,3.79,Night,Premium,72,307.621949405299,0,1.1458333333333335,Medium_demand,Medium_supply,1.25,1.0909090909090908,0.04583333333333339,321.7212887530419,418.2376753789545,A,307.621949405299,1.0,1,215.3353645837093,92.28658482158971
61,9,Urban,Gold,74,3.98,Evening,Premium,32,172.41053126646165,0,1.2425925925925925,Medium_demand,Low_supply,1.0166666666666666,0.8181818181818182,0.14259259259259238,196.99499591001262,175.32554635991124,A,172.41053126646165,1.0,1,120.68737188652314,51.72315937993851
90,13,Suburban,Regular,24,3.73,Afternoon,Economy,126,444.2453020895959,1,1.8803418803418803,High_demand,Medium_supply,1.1111111111111112,0.5909090909090909,0.7803418803418802,790.9085164552378,1601.5897458218565,B,1601.5897458218565,2.2103576730333944e-236,0,1121.1128220752994,0.0
100,21,Suburban,Regular,20,3.52,Night,Premium,163,556.8967118375435,0,1.2933568489124043,High_demand,Medium_supply,1.2345679012345678,0.9545454545454546,0.19335684891240423,664.5765052081301,1129.7800588538212,B,1129.7800588538212,6.260864934769031e-134,0,790.8460411976748,0.0
93,31,Suburban,Gold,13,3.58,Afternoon,Premium,101,355.3245754797394,1,0.8148148148148148,High_demand,Medium_supply,1.1481481481481481,1.4090909090909092,0.08518518518518525,325.0561857166505,574.5368082541797,B,574.5368082541797,2.323668975848474e-13,0,402.1757657779258,0.0
92,14,Urban,Silver,57,3.73,Morning,Premium,133,474.99773906008016,1,1.784832451499118,High_demand,Medium_supply,1.1358024691358024,0.6363636363636364,0.684832451499118,800.2916051571332,1528.5569658501245,B,1528.5569658501245,1.5970893932425089e-220,0,1069.989876095087,0.0
61,12,Rural,Gold,59,4.72,Afternoon,Premium,178,581.9712306098094,1,1.863888888888889,Medium_demand,Medium_supply,1.0166666666666666,0.5454545454545454,0.7638888888888888,1026.5325873256359,2226.0359156156414,A,581.9712306098094,5.646898180340028e-15,0,407.3798614268665,0.0
53,12,Suburban,Gold,79,3.6,Night,Premium,154,663.4393972369916,0,1.6194444444444445,Medium_demand,Medium_supply,0.8833333333333333,0.5454545454545454,0.5194444444444444,1008.0593063573177,1546.8670056053043,B,1546.8670056053043,1.6879306948601704e-224,0,1082.806903923713,0.0
55,21,Urban,Regular,20,3.56,Night,Premium,134,519.469492374694,0,0.9603174603174602,Medium_demand,Medium_supply,0.9166666666666666,0.9545454545454546,0.0,519.469492374694,779.204238562041,A,519.469492374694,0.17410617963765057,0,363.6286446622858,0.0
57,45,Rural,Gold,78,4.43,Afternoon,Premium,112,397.6919501475396,1,0.8022222222222223,Medium_demand,High_supply,0.95,1.1842105263157894,0.09777777777777774,358.80651502200243,670.4299733186116,B,670.4299733186116,3.493317341017496e-34,0,469.30098132302805,0.0
34,8,Suburban,Silver,51,4.09,Afternoon,Premium,130,388.1122298927073,1,1.16875,Low_demand,Low_supply,0.85,0.7272727272727273,0.06874999999999987,414.7949456978309,821.501389954554,A,388.1122298927073,1.0,1,271.6785609248951,116.4336689678122
50,11,Suburban,Silver,19,4.87,Morning,Economy,144,591.1000759572743,1,1.6666666666666667,Medium_demand,Medium_supply,0.8333333333333334,0.5,0.5666666666666667,926.0567856663963,1894.9436976698637,B,1894.9436976698637,4.40008726222515e-300,0,1326.4605883689046,0.0
35,22,Rural,Silver,82,3.79,Afternoon,Economy,174,586.7988633141081,1,0.875,Low_demand,Medium_supply,0.875,1.0,0.025000000000000022,572.1288917312554,1287.862135287056,B,1287.862135287056,2.9481365395288223e-168,0,901.5034947009391,0.0
43,14,Suburban,Regular,1,3.53,Night,Premium,134,648.9097429236178,0,1.1261904761904762,Medium_demand,Medium_supply,0.7166666666666667,0.6363636363636364,0.026190476190476097,665.9049980954268,1032.1527470479116,B,1032.1527470479116,9.911416694121033e-113,0,722.506922933538,0.0
50,25,Suburban,Silver,19,4.32,Night,Economy,176,746.3391324597457,0,0.7333333333333333,Medium_demand,Medium_supply,0.8333333333333334,1.1363636363636365,0.16666666666666674,621.949277049788,1055.758897792015,B,1055.758897792015,7.415240334941478e-118,0,739.0312284544104,0.0
55,19,Urban,Regular,64,4.34,Morning,Premium,129,555.0976877626003,1,1.0614035087719298,Medium_demand,Medium_supply,0.9166666666666666,0.8636363636363636,0.0,555.0976877626003,1074.1140258206317,A,555.0976877626003,3.866567882734543e-09,0,388.5683814338202,0.0
93,67,Urban,Silver,21,4.88,Night,Premium,87,417.91314129159,0,0.6511885019347706,High_demand,High_supply,1.1481481481481481,1.763157894736842,0.2488114980652294,313.93154654568366,459.70445542074907,B,459.70445542074907,0.9999999999995008,1,321.79311879452433,137.91133662622474
94,69,Urban,Silver,86,4.12,Morning,Premium,18,97.80093621671637,1,0.639112542494185,High_demand,High_supply,1.1604938271604939,1.8157894736842106,0.260887457505815,72.28589862544885,101.92311706188288,A,97.80093621671637,1.0,1,68.46065535170145,29.34028086501492
70,60,Urban,Regular,57,4.05,Afternoon,Premium,43,193.0891119987856,1,0.7388888888888889,Medium_demand,High_supply,1.1666666666666667,1.5789473684210527,0.1611111111111111,161.98031062120347,248.6397768035473,A,193.0891119987856,1.0,1,135.1623783991499,57.926733599635696
36,25,Suburban,Regular,61,3.64,Night,Economy,132,492.4640116460618,0,0.7919999999999999,Low_demand,Medium_supply,0.9,1.1363636363636365,0.1080000000000001,439.2778983882871,676.2683245687681,A,492.4640116460618,0.9999935145280826,1,344.72480815224327,147.73920349381854
37,9,Suburban,Silver,73,4.8,Morning,Economy,124,408.81562882076287,1,1.1305555555555555,Low_demand,Low_supply,0.925,0.8181818181818182,0.030555555555555447,421.307217479175,813.3335833435474,A,408.81562882076287,1.0,1,286.170940174534,122.64468864622887
68,46,Urban,Gold,8,4.21,Afternoon,Economy,116,364.1617948077249,1,0.936231884057971,Medium_demand,High_supply,1.1333333333333333,1.2105263157894737,0.0,364.1617948077249,637.2831409135185,B,637.2831409135185,5.507839075021787e-27,0,446.09819863946296,0.0
77,15,Suburban,Regular,47,4.47,Morning,Economy,66,228.64349787316,1,1.8822222222222225,Medium_demand,Medium_supply,1.2833333333333334,0.6818181818181818,0.7822222222222224,407.4935228761652,702.926326961385,A,228.64349787316,1.0,1,160.05044851121198,68.593049361948
27,12,Suburban,Silver,64,4.7,Evening,Economy,149,667.9464280068869,0,1.2375000000000003,Low_demand,Medium_supply,0.675,0.5454545454545454,0.13750000000000018,759.789061857834,1167.7957880754907,A,667.9464280068869,1.2092972129543051e-33,0,467.5624996048208,0.0
90,56,Suburban,Silver,61,4.38,Night,Premium,91,410.34270896598935,0,0.7539682539682541,High_demand,High_supply,1.1111111111111112,1.4736842105263157,0.14603174603174596,350.41964670428933,450.99008530842036,A,410.34270896598935,1.0,1,287.2398962761925,123.10281268979685
46,23,Suburban,Regular,19,4.92,Afternoon,Economy,169,710.4192641684332,1,0.7333333333333334,Medium_demand,Medium_supply,0.7666666666666667,1.0454545454545454,0.16666666666666663,592.0160534736943,1317.23571897897,B,1317.23571897897,1.2335448314608885e-174,0,922.065003285279,0.0
96,80,Urban,Regular,47,3.77,Morning,Economy,70,177.20306582722415,1,0.562962962962963,High_demand,High_supply,1.1851851851851851,2.1052631578947367,0.337037037037037,117.4790695669375,199.71441826379376,B,199.71441826379376,1.0,1,139.80009278465562,59.91432547913814
80,6,Rural,Silver,43,4.81,Night,Economy,24,74.32837977574499,0,2.4444444444444446,Medium_demand,Low_supply,1.3333333333333333,0.5454545454545454,1.3444444444444446,174.25875702980215,182.10040109614326,B,182.10040109614326,1.0,1,127.47028076730027,54.63012032884299
80,31,Suburban,Silver,91,4.61,Evening,Premium,127,392.3027600530253,0,0.9462365591397849,Medium_demand,Medium_supply,1.3333333333333333,1.4090909090909092,0.0,392.3027600530253,563.7390661961973,B,563.7390661961973,5.1389472049803196e-11,0,394.6173463373381,0.0
64,25,Suburban,Silver,85,4.46,Afternoon,Premium,37,168.61019430479575,1,0.9386666666666665,Medium_demand,Medium_supply,1.0666666666666667,1.1363636363636365,0.0,168.61019430479575,249.62739266825008,A,168.61019430479575,1.0,1,118.02713601335702,50.58305829143873
57,42,Rural,Silver,36,3.59,Afternoon,Premium,167,587.2581373063812,1,0.8595238095238094,Medium_demand,High_supply,0.95,1.105263157894737,0.040476190476190665,563.4881650820752,1249.5350060695016,A,587.2581373063812,4.015806281242868e-16,0,411.0806961144668,0.0
52,7,Rural,Silver,57,4.82,Night,Economy,180,563.9803272683639,0,1.361904761904762,Medium_demand,Low_supply,0.8666666666666667,0.6363636363636364,0.26190476190476186,711.6894606005544,1269.6539977113891,B,1269.6539977113891,2.650906627569868e-164,0,888.7577983979724,0.0
69,56,Urban,Regular,73,4.02,Night,Premium,116,352.3474982568331,0,0.7803571428571429,Medium_demand,High_supply,1.15,1.4736842105263157,0.11964285714285716,310.1916368582477,431.16637523296436,A,352.3474982568331,1.0,1,246.64324877978314,105.70424947704996
67,54,Suburban,Regular,53,3.67,Morning,Economy,110,415.3075369486595,1,0.7858024691358025,Medium_demand,High_supply,1.1166666666666667,1.4210526315789473,0.11419753086419748,367.8804416798311,720.7697553612091,A,415.3075369486595,1.0,1,290.71527586406165,124.59226108459785
25,7,Rural,Silver,13,4.07,Afternoon,Premium,60,204.215843297379,1,0.9821428571428572,Low_demand,Low_supply,0.625,0.6363636363636364,0.0,204.215843297379,350.7407108632484,A,204.215843297379,1.0,1,142.95109030816528,61.26475298921372
80,35,Rural,Regular,29,4.49,Night,Economy,79,319.6520700676685,0,0.8380952380952381,Medium_demand,Medium_supply,1.3333333333333333,1.5909090909090908,0.06190476190476191,299.8640847777652,389.82331021109474,B,389.82331021109474,1.0,1,272.8763171477663,116.94699306332842
73,6,Suburban,Silver,5,4.03,Night,Premium,71,362.05333073474793,0,2.2305555555555556,Medium_demand,Low_supply,1.2166666666666666,0.5454545454545454,1.1305555555555555,771.3747352043101,923.7212454071614,B,923.7212454071614,3.481265519326806e-89,0,646.604871785013,0.0
24,6,Urban,Regular,65,4.29,Afternoon,Premium,106,387.4755378090192,1,1.1,Low_demand,Low_supply,0.6,0.5454545454545454,0.0,387.4755378090192,711.0176118795503,A,387.4755378090192,1.0,1,271.2328764663134,116.24266134270579
37,14,Rural,Gold,18,4.36,Evening,Economy,85,348.8532987245396,0,1.4535714285714287,Low_demand,Medium_supply,0.925,0.6363636363636364,0.35357142857142865,472.19785791643045,585.5253438163738,B,585.5253438163738,9.550895211155181e-16,0,409.86774067146166,0.0
27,6,Rural,Regular,74,4.75,Afternoon,Premium,157,732.2985126943609,1,1.2375000000000003,Low_demand,Low_supply,0.675,0.5454545454545454,0.13750000000000018,832.9895581898356,1860.4821782169984,B,1860.4821782169984,1.338705839049878e-292,0,1302.3375247518989,0.0
23,11,Urban,Regular,11,4.86,Afternoon,Economy,133,343.6721333865543,1,1.15,Low_demand,Medium_supply,0.575,0.5,0.04999999999999982,360.855740055882,721.711480111764,B,721.711480111764,2.556232356339305e-45,0,505.19803607823474,0.0
42,8,Rural,Gold,12,4.79,Morning,Premium,166,599.7162532373392,1,0.9624999999999999,Medium_demand,Low_supply,0.7,0.7272727272727273,0.0,599.7162532373392,1280.3942006617194,B,1280.3942006617194,1.233641563267929e-166,0,896.2759404632035,0.0
74,39,Urban,Silver,11,3.65,Morning,Economy,173,484.75453888236336,1,1.2017094017094017,Medium_demand,High_supply,1.2333333333333334,1.0263157894736843,0.10170940170940157,534.0586330080054,1134.8745951420115,B,1134.8745951420115,4.90196082265715e-135,0,794.412216599408,0.0
68,30,Urban,Regular,28,4.69,Night,Premium,134,581.1514565564086,0,0.8311111111111111,Medium_demand,Medium_supply,1.1333333333333333,1.3636363636363635,0.06888888888888889,541.1165784380782,811.6748676571174,A,581.1514565564086,8.507885390677591e-15,0,406.80601958948597,0.0
59,9,Suburban,Silver,30,4.83,Afternoon,Economy,140,603.3651642705413,1,1.2018518518518517,Medium_demand,Low_supply,0.9833333333333333,0.8181818181818182,0.10185185185185164,664.8190235943925,1360.3859270300259,B,1360.3859270300259,5.262672121573592e-184,0,952.2701489210181,0.0
89,75,Rural,Silver,76,4.39,Evening,Economy,110,369.8546414878244,0,0.5567078189300412,High_demand,High_supply,1.0987654320987654,1.9736842105263157,0.34329218106995885,242.88643493262146,406.84010563660684,A,369.8546414878244,1.0,1,258.8982490414771,110.95639244634731
81,35,Suburban,Regular,45,4.11,Night,Economy,174,708.8801421484817,0,0.8485714285714286,Medium_demand,Medium_supply,1.35,1.5909090909090908,0.05142857142857138,672.4234491237027,1176.7410359664796,A,708.8801421484817,1.5627516431525187e-42,0,496.21609950393713,0.0
33,8,Suburban,Regular,74,4.52,Morning,Premium,56,205.83755050869485,1,1.134375,Low_demand,Low_supply,0.825,0.7272727272727273,0.03437499999999982,212.91321630743118,353.27625415810525,B,353.27625415810525,1.0,1,247.29337791067366,105.98287624743159
75,28,Urban,Gold,49,4.46,Night,Economy,163,684.5607033083106,0,0.9821428571428572,Medium_demand,Medium_supply,1.25,1.2727272727272727,0.0,684.5607033083106,1061.0690901278815,A,684.5607033083106,2.9839326042934802e-37,0,479.1924923158174,0.0
87,48,Suburban,Silver,95,4.73,Morning,Economy,162,453.2541298779704,1,0.8503086419753088,High_demand,High_supply,1.0740740740740742,1.263157894736842,0.04969135802469127,430.7313166340343,917.67307008881,A,453.2541298779704,0.9999999999999802,1,317.27789091457925,135.97623896339115
56,37,Suburban,Silver,96,3.83,Afternoon,Premium,130,412.5848379812361,1,0.554954954954955,Medium_demand,Medium_supply,0.9333333333333333,1.6818181818181819,0.3450450450450451,270.2244839750979,535.1795905126813,A,412.5848379812361,1.0,1,288.80938658686523,123.77545139437086
75,32,Urban,Silver,20,3.69,Evening,Premium,96,440.4442377359072,0,0.859375,Medium_demand,Medium_supply,1.25,1.4545454545454546,0.04062500000000002,422.55119057788596,528.1889882223575,B,528.1889882223575,0.0026872426153627866,0,369.7322917556502,0.0
99,54,Rural,Silver,96,3.77,Afternoon,Premium,61,241.6407113776789,1,0.860082304526749,High_demand,High_supply,1.2222222222222223,1.4210526315789473,0.03991769547325097,231.994971046965,394.62344575088747,B,394.62344575088747,1.0,1,276.23641202562123,118.38703372526624
33,16,Rural,Regular,81,4.08,Afternoon,Premium,50,201.29253189374316,1,1.134375,Low_demand,Medium_supply,0.825,0.7272727272727273,0.03437499999999982,208.21196267759055,360.93543730160326,A,201.29253189374316,1.0,1,140.9047723256202,60.38775956812296
41,28,Rural,Gold,89,4.47,Evening,Premium,45,220.05114029296504,0,0.5369047619047619,Medium_demand,Medium_supply,0.6833333333333333,1.2727272727272727,0.36309523809523814,140.15161911516225,242.05625432226157,B,242.05625432226157,1.0,1,169.4393780255831,72.61687629667847
55,19,Suburban,Silver,74,3.51,Morning,Economy,173,702.9134159653358,1,1.0614035087719298,Medium_demand,Medium_supply,0.9166666666666666,0.8636363636363636,0.0,702.9134159653358,1532.7027035124147,B,1532.7027035124147,2.0095264659708406e-221,0,1072.8918924586903,0.0
93,51,Rural,Silver,12,4.98,Morning,Premium,90,431.42166025583447,1,0.8554829339143065,High_demand,High_supply,1.1481481481481481,1.3421052631578947,0.0445170660856935,412.2160336954259,769.8134429262078,B,769.8134429262078,9.170474725432925e-56,0,538.8694100483455,0.0
54,35,Urban,Silver,11,4.49,Afternoon,Premium,96,466.8626810645626,1,0.5657142857142857,Medium_demand,Medium_supply,0.9,1.5909090909090908,0.3342857142857143,310.79715625155166,536.1250945339266,B,536.1250945339266,5.095065670627456e-05,0,375.2875661737486,0.0
34,20,Urban,Gold,21,4.15,Morning,Premium,158,445.1263611668488,1,0.935,Low_demand,Medium_supply,0.85,0.9090909090909091,0.0,445.1263611668488,867.9964042753552,A,445.1263611668488,0.9999999999999996,1,311.58845281679413,133.5379083500547
86,18,Suburban,Silver,61,4.3,Afternoon,Premium,126,441.6378571357946,1,1.297668038408779,High_demand,Medium_supply,1.0617283950617284,0.8181818181818182,0.197668038408779,528.9355460428837,1021.110071635787,A,441.6378571357946,1.0,1,309.1464999950562,132.4913571407384
85,27,Suburban,Gold,8,4.11,Night,Premium,157,669.5210116683382,0,0.8550525834476451,High_demand,Medium_supply,1.0493827160493827,1.2272727272727273,0.0449474165523549,639.4277718663274,987.9159075334759,B,987.9159075334759,3.999847044118159e-103,0,691.541135273433,0.0
74,5,Suburban,Regular,80,3.63,Night,Economy,134,354.3852115042604,0,2.7133333333333334,Medium_demand,Low_supply,1.2333333333333334,0.45454545454545453,1.6133333333333333,926.1266860644671,1425.772033196247,B,1425.772033196247,3.3326811309505277e-198,0,998.0404232373729,0.0
63,53,Rural,Gold,33,4.33,Afternoon,Economy,175,489.7125242986789,1,0.7528301886792453,Medium_demand,High_supply,1.05,1.394736842105263,0.14716981132075468,417.6416244962318,912.5469495242666,A,489.7125242986789,0.9999983614269707,1,342.7987670090752,146.91375728960367
55,13,Suburban,Silver,45,3.71,Morning,Premium,40,222.56858200356248,1,1.551282051282051,Medium_demand,Medium_supply,0.9166666666666666,0.5909090909090909,0.451282051282051,323.00978824106755,499.45388506775066,A,222.56858200356248,1.0,1,155.79800740249374,66.77057460106874
100,66,Suburban,Gold,27,3.53,Evening,Premium,106,412.2556067980849,0,0.710811821922933,High_demand,High_supply,1.2345679012345678,1.736842105263158,0.189188178077067,334.2617196458995,432.8689269414399,B,432.8689269414399,1.0,1,303.0082488590079,129.860678082432
51,27,Urban,Gold,86,3.82,Evening,Premium,152,472.21573527678265,0,0.6925925925925925,Medium_demand,Medium_supply,0.85,1.2272727272727273,0.20740740740740748,374.2746938860425,557.6692938902033,A,472.21573527678265,0.9999999997399318,1,330.55101469374785,141.6647205830348
37,10,Urban,Silver,33,4.86,Afternoon,Economy,44,179.93988033973832,1,1.0175,Low_demand,Low_supply,0.925,0.9090909090909091,0.0,179.93988033973832,265.411323501114,B,265.411323501114,1.0,1,185.7879264507798,79.6233970503342
99,71,Suburban,Gold,3,4.63,Morning,Premium,100,308.9111533232364,1,0.6541471048513302,High_demand,High_supply,1.2222222222222223,1.868421052631579,0.24585289514866981,232.96445193500412,411.7646687951198,B,411.7646687951198,1.0,1,288.23526815658386,123.52940063853595
54,24,Rural,Silver,85,3.79,Evening,Economy,102,306.3142432341152,0,0.8250000000000001,Medium_demand,Medium_supply,0.9,1.0909090909090908,0.07499999999999996,283.34067499155657,392.14349418831426,A,306.3142432341152,1.0,1,214.41997026388066,91.89427297023457
30,7,Rural,Gold,57,4.27,Morning,Premium,69,224.46487829301583,1,1.1785714285714286,Low_demand,Low_supply,0.75,0.6363636363636364,0.07857142857142851,242.10140444460993,391.8411230936012,A,224.46487829301583,1.0,1,157.12541480511106,67.33946348790477
84,56,Urban,Silver,71,4.56,Evening,Premium,15,101.07378646994935,0,0.7037037037037037,High_demand,High_supply,1.037037037037037,1.4736842105263157,0.1962962962962963,81.2333765332556,111.1811651169443,B,111.1811651169443,1.0,1,77.826815581861,33.3543495350833
49,14,Suburban,Silver,55,4.43,Morning,Premium,131,633.4966221375331,1,1.2833333333333334,Medium_demand,Medium_supply,0.8166666666666667,0.6363636363636364,0.18333333333333335,749.6376695294142,1484.657404503005,B,1484.657404503005,5.444999584142383e-211,0,1039.2601831521033,0.0
86,10,Urban,Silver,98,4.8,Morning,Economy,18,62.87509273644356,1,1.1679012345679014,High_demand,Low_supply,1.0617283950617284,0.9090909090909091,0.06790123456790131,67.14438915681937,94.67358871111531,A,62.87509273644356,1.0,1,44.01256491551049,18.862527820933074
48,24,Rural,Gold,17,3.98,Afternoon,Economy,29,92.03104706108972,1,0.7333333333333334,Medium_demand,Medium_supply,0.8,1.0909090909090908,0.16666666666666663,76.69253921757478,113.88842073809856,B,113.88842073809856,1.0,1,79.72189451666898,34.16652622142958
67,18,Urban,Silver,78,3.81,Morning,Premium,22,106.7358926414302,1,1.3648148148148147,Medium_demand,Medium_supply,1.1166666666666667,0.8181818181818182,0.2648148148148146,135.00113828536448,190.35160498236388,A,106.7358926414302,1.0,1,74.71512484900113,32.02076779242907
100,16,Rural,Gold,96,3.65,Night,Premium,163,560.6703257140985,0,1.6975308641975306,High_demand,Medium_supply,1.2345679012345678,0.7272727272727273,0.5975308641975305,895.6881499679546,1459.0759962977982,B,1459.0759962977982,1.9540247593479923e-205,0,1021.3531974084586,0.0
79,7,Rural,Silver,31,4.82,Night,Economy,100,322.9000694955284,0,2.0690476190476192,Medium_demand,Low_supply,1.3166666666666667,0.6363636363636364,0.9690476190476192,635.8056130304809,886.9488301775209,A,322.9000694955284,1.0,1,226.03004864686986,96.87002084865853
99,9,Rural,Silver,33,4.98,Afternoon,Economy,110,292.33936093553586,1,1.4938271604938271,High_demand,Low_supply,1.2222222222222223,0.8181818181818182,0.39382716049382704,407.470541353358,801.6982901127319,A,292.33936093553586,1.0,1,204.6375526548751,87.70180828066077
34,24,Urban,Silver,3,4.41,Morning,Economy,97,242.75171700488076,1,0.7791666666666667,Low_demand,Medium_supply,0.85,1.0909090909090908,0.12083333333333335,213.419217866791,368.1481508202145,A,242.75171700488076,1.0,1,169.9262019034165,72.82551510146425
54,21,Urban,Silver,23,4.44,Evening,Premium,136,442.7796305981407,0,0.9428571428571428,Medium_demand,Medium_supply,0.9,0.9545454545454546,0.0,442.7796305981407,642.0304643673041,B,642.0304643673041,5.129949063293069e-28,0,449.4213250571129,0.0
77,43,Suburban,Regular,73,4.07,Afternoon,Premium,131,505.54671645728143,1,1.134108527131783,Medium_demand,High_supply,1.2833333333333334,1.131578947368421,0.03410852713178292,522.7901703519484,1076.55565829725,B,1076.55565829725,2.260299906380068e-122,0,753.588960808075,0.0
80,21,Urban,Regular,85,4.21,Morning,Premium,146,474.9171617926677,1,1.3968253968253967,Medium_demand,Medium_supply,1.3333333333333333,0.9545454545454546,0.29682539682539666,615.8846368009674,1253.3252358899688,A,474.9171617926677,0.999999998996091,1,332.44201325486733,142.47514853780035
74,54,Urban,Regular,16,4.35,Afternoon,Premium,147,617.434678434942,1,0.8679012345679012,Medium_demand,High_supply,1.2333333333333334,1.4210526315789473,0.032098765432098775,597.6157875222156,1225.1123644205418,B,1225.1123644205418,1.2459115374101148e-154,0,857.5786550943792,0.0
57,38,Urban,Regular,31,3.97,Morning,Premium,64,294.8553699465021,1,0.5499999999999999,Medium_demand,Medium_supply,0.95,1.7272727272727273,0.3500000000000001,191.65599046522632,316.23238426762344,A,294.8553699465021,1.0,1,206.39875896255145,88.45661098395064
97,66,Urban,Silver,90,3.6,Evening,Premium,150,717.467322019467,0,0.689487467265245,High_demand,High_supply,1.1975308641975309,1.736842105263158,0.210512532734755,566.4314589067269,872.3044467163594,A,717.467322019467,2.1340645307764846e-44,0,502.2271254136269,0.0
52,14,Suburban,Gold,97,4.83,Evening,Premium,66,266.9772170141728,0,1.361904761904762,Medium_demand,Medium_supply,0.8666666666666667,0.6363636363636364,0.26190476190476186,336.8998214702657,365.36785638450317,B,365.36785638450317,1.0,1,255.7574994691522,109.61035691535096
51,37,Rural,Regular,34,4.64,Afternoon,Economy,100,383.3711770715268,1,0.5054054054054054,Medium_demand,Medium_supply,0.85,1.6818181818181819,0.39459459459459467,232.09498287573513,464.18996575147025,B,464.18996575147025,0.9999999999952978,1,324.93297602602917,139.2569897254411
87,52,Urban,Gold,15,3.57,Night,Economy,66,266.4336179135411,0,0.784900284900285,High_demand,High_supply,1.0740740740740742,1.368421052631579,0.11509971509971506,235.7671843987062,293.0769797048953,A,266.4336179135411,1.0,1,186.50353253947878,79.93008537406234
91,42,Suburban,Silver,76,4.96,Morning,Economy,86,336.39439243010713,1,1.0164609053497942,High_demand,High_supply,1.123456790123457,1.105263157894737,0.0,336.39439243010713,582.1304961003004,B,582.1304961003004,5.214658773256978e-15,0,407.49134727021027,0.0
85,34,Rural,Regular,66,4.59,Morning,Premium,163,764.8593556145701,1,0.6790123456790124,High_demand,Medium_supply,1.0493827160493827,1.5454545454545454,0.22098765432098766,595.8348807318441,1360.5889501511663,B,1360.5889501511663,4.754670247873823e-184,0,952.4122651058163,0.0
57,21,Rural,Silver,28,4.93,Night,Economy,141,588.6941797749441,0,0.9952380952380951,Medium_demand,Medium_supply,0.95,0.9545454545454546,0.0,588.6941797749441,938.9672167410358,A,588.6941797749441,1.9585744950763987e-16,0,412.0859258424609,0.0
28,8,Urban,Regular,67,3.78,Afternoon,Premium,58,305.2426676647312,1,0.9624999999999999,Low_demand,Low_supply,0.7,0.7272727272727273,0.0,305.2426676647312,483.809628248599,A,305.2426676647312,1.0,1,213.66986736531183,91.57280029941936
58,30,Urban,Regular,32,4.14,Night,Economy,75,256.37380365626416,0,0.7088888888888889,Medium_demand,Medium_supply,0.9666666666666667,1.3636363636363635,0.19111111111111112,207.37792117973368,282.0111840218906,B,282.0111840218906,1.0,1,197.4078288153234,84.60335520656719
31,9,Rural,Gold,18,4.42,Morning,Premium,114,461.0193485856391,1,0.9472222222222222,Low_demand,Low_supply,0.775,0.8181818181818182,0.0,461.0193485856391,869.0214720839298,A,461.0193485856391,0.9999999999990365,1,322.7135440099473,138.30580457569175
27,11,Suburban,Gold,88,4.5,Evening,Premium,144,581.7472844259253,0,1.35,Low_demand,Medium_supply,0.675,0.5,0.25,727.1841055324066,1079.5048046628576,A,581.7472844259253,6.315958285005329e-15,0,407.22309909814766,0.0
90,75,Urban,Gold,88,4.1,Afternoon,Economy,106,472.5465909334413,1,0.562962962962963,High_demand,High_supply,1.1111111111111112,1.9736842105263157,0.337037037037037,313.28088806328145,527.8782963866292,B,527.8782963866292,0.003137448890469273,0,369.51480747064045,0.0
54,8,Suburban,Regular,41,3.89,Morning,Economy,168,573.4835718398938,1,1.2375,Medium_demand,Low_supply,0.9,0.7272727272727273,0.13749999999999996,652.3375629678792,1451.4510776035313,A,573.4835718398938,3.934428352431402e-13,0,401.43850028792565,0.0
23,9,Suburban,Silver,50,3.84,Evening,Premium,34,192.3850221961644,0,0.7027777777777777,Low_demand,Low_supply,0.575,0.8181818181818182,0.1972222222222223,154.4424205963653,211.62352441578088,A,192.3850221961644,1.0,1,134.66951553731508,57.715506658849336
94,64,Urban,Regular,62,4.87,Night,Economy,166,744.0359811402852,0,0.6890432098765433,High_demand,High_supply,1.1604938271604939,1.6842105263157894,0.2109567901234567,587.0765388225739,962.8055236690211,B,962.8055236690211,1.1342112729646688e-97,0,673.9638665683148,0.0
86,20,Suburban,Silver,51,3.75,Morning,Premium,110,412.25746306035046,1,1.1679012345679014,High_demand,Medium_supply,1.0617283950617284,0.9090909090909091,0.06790123456790131,440.25025376197925,827.890602199402,B,827.890602199402,2.2443827378674583e-68,0,579.5234215395814,0.0
79,55,Suburban,Regular,91,4.39,Morning,Economy,48,189.5605649707772,1,0.9096969696969697,Medium_demand,High_supply,1.3166666666666667,1.4473684210526316,0.0,189.5605649707772,305.0503391792232,A,189.5605649707772,1.0,1,132.69239547954402,56.868169491233175
73,13,Urban,Regular,93,3.95,Night,Economy,90,357.0434721850994,0,2.0589743589743588,Medium_demand,Medium_supply,1.2166666666666666,0.5909090909090909,0.9589743589743587,699.4390070497843,902.2763190942218,A,357.0434721850994,1.0,1,249.93043052956958,107.11304165552983
74,23,Urban,Regular,45,4.07,Morning,Premium,99,417.1740953777763,1,1.1797101449275362,Medium_demand,Medium_supply,1.2333333333333334,1.0454545454545454,0.07971014492753614,450.4271029803527,810.7687853646348,B,810.7687853646348,1.1723362808729773e-64,0,567.5381497552444,0.0
26,11,Urban,Gold,10,4.22,Morning,Premium,69,314.84471031916905,1,1.3,Low_demand,Medium_supply,0.65,0.5,0.19999999999999996,377.8136523830029,566.7204785745043,B,566.7204785745043,1.1573605741677134e-11,0,396.704335002153,0.0
99,30,Urban,Regular,74,4.21,Morning,Premium,160,629.9546011362719,1,0.8962962962962965,High_demand,Medium_supply,1.2222222222222223,1.3636363636363635,0.0037037037037035425,627.6214359468784,1339.9717657465853,B,1339.9717657465853,1.4258870088341644e-179,0,937.9802360226097,0.0
80,42,Urban,Gold,85,4.22,Night,Economy,131,473.5617540035448,0,1.206349206349206,Medium_demand,High_supply,1.3333333333333333,1.105263157894737,0.10634920634920597,523.9246706991597,728.2552922718321,B,728.2552922718321,9.696825312554626e-47,0,509.7787045902824,0.0
78,35,Rural,Regular,5,4.35,Evening,Premium,100,317.88095784682014,0,0.8171428571428572,Medium_demand,Medium_supply,1.3,1.5909090909090908,0.08285714285714285,291.54224991094077,422.73626237086415,A,317.88095784682014,1.0,1,222.5166704927741,95.36428735404604
63,6,Urban,Gold,29,4.79,Evening,Premium,24,132.49921949173307,0,1.9250000000000003,Medium_demand,Low_supply,1.05,0.5454545454545454,0.8250000000000002,241.81107557241288,217.62996801517158,B,217.62996801517158,1.0,1,152.3409776106201,65.2889904045515
25,8,Rural,Regular,30,4.44,Night,Economy,115,430.7858509781543,0,0.859375,Low_demand,Low_supply,0.625,0.7272727272727273,0.04062500000000002,413.2851757821668,619.9277636732502,B,619.9277636732502,3.233356015783842e-23,0,433.9494345712751,0.0
100,50,Urban,Regular,20,4.14,Evening,Economy,127,350.2265835541767,0,0.9382716049382714,High_demand,High_supply,1.2345679012345678,1.3157894736842106,0.0,350.2265835541767,507.82854615355626,A,350.2265835541767,1.0,1,245.1586084879237,105.06797506625304
46,8,Urban,Silver,32,4.81,Afternoon,Economy,112,466.42747932165264,1,1.0541666666666667,Medium_demand,Low_supply,0.7666666666666667,0.7272727272727273,0.0,466.42747932165264,851.230149762016,B,851.230149762016,1.918574029862565e-73,0,595.8611048334112,0.0
59,29,Urban,Regular,90,4.3,Night,Economy,145,651.7303890276737,0,0.7459770114942529,Medium_demand,Medium_supply,0.9833333333333333,1.3181818181818181,0.15402298850574714,551.3489268096182,849.077347286812,A,651.7303890276737,4.016069089306631e-30,0,456.2112723193716,0.0
21,11,Rural,Gold,18,4.2,Morning,Premium,49,266.34807324582846,1,1.05,Low_demand,Medium_supply,0.525,0.5,0.0,266.34807324582846,408.8442924323467,B,408.8442924323467,1.0,1,286.19100470264266,122.65328772970406
64,7,Rural,Silver,48,4.67,Evening,Economy,64,266.38537677090085,0,1.6761904761904762,Medium_demand,Low_supply,1.0666666666666667,0.6363636363636364,0.5761904761904761,419.8740938627056,501.74954216593324,B,501.74954216593324,0.9993270552979457,1,351.22467951615323,150.52486264978
52,22,Suburban,Gold,72,3.6,Morning,Premium,101,303.803226426852,1,0.8666666666666667,Medium_demand,Medium_supply,0.8666666666666667,1.0,0.033333333333333326,293.6764522126236,514.4477251634634,B,514.4477251634634,0.7219355059186876,1,360.1134076144243,154.33431754903904
100,56,Suburban,Silver,67,4.2,Evening,Economy,169,461.9661913503604,0,0.8377425044091711,High_demand,High_supply,1.2345679012345678,1.4736842105263157,0.06225749559082894,433.2053332292533,709.1571304962877,A,461.9661913503604,0.9999999999984532,1,323.37633394525227,138.58985740510815
83,72,Rural,Regular,25,4.62,Night,Premium,45,201.0575405594342,0,0.5408093278463649,High_demand,High_supply,1.0246913580246915,1.894736842105263,0.3591906721536351,128.83954742433428,221.16329461537762,A,201.0575405594342,1.0,1,140.7402783916039,60.31726216783028
89,10,Rural,Silver,36,4.12,Afternoon,Premium,13,94.21444738997974,1,1.208641975308642,High_demand,Low_supply,1.0987654320987654,0.9090909090909091,0.10864197530864184,104.45009105703926,163.72551773190904,B,163.72551773190904,1.0,1,114.60786241233632,49.11765531957272
100,37,Rural,Silver,47,4.7,Afternoon,Economy,142,546.8574476673242,1,0.7340674007340673,High_demand,Medium_supply,1.2345679012345678,1.6818181818181819,0.16593259926593273,456.1159699479513,965.825566364787,A,546.8574476673242,2.3805150908985562e-07,0,382.8002133671269,0.0
71,7,Urban,Gold,31,4.83,Morning,Premium,60,292.74683013160404,1,1.8595238095238096,Medium_demand,Low_supply,1.1833333333333333,0.6363636363636364,0.7595238095238095,515.0950177791794,772.6425266687692,A,292.74683013160404,1.0,1,204.92278109212282,87.82404903948122
94,26,Suburban,Regular,0,3.94,Afternoon,Premium,40,150.90603765991335,1,0.9819563152896487,High_demand,Medium_supply,1.1604938271604939,1.1818181818181819,0.0,150.90603765991335,245.2223111973592,A,150.90603765991335,1.0,1,105.63422636193934,45.27181129797401
52,23,Urban,Regular,41,4.23,Evening,Economy,134,534.90663340905,0,0.8289855072463769,Medium_demand,Medium_supply,0.8666666666666667,1.0454545454545454,0.07101449275362315,496.920510166958,745.3807652504371,A,534.90663340905,9.369505975229983e-05,0,374.4346433863349,0.0
27,15,Urban,Silver,31,4.95,Afternoon,Economy,103,315.2654030422818,1,0.9900000000000001,Low_demand,Medium_supply,0.675,0.6818181818181818,0.0,315.2654030422818,559.5960904000501,A,315.2654030422818,1.0,1,220.68578212959724,94.57962091268453
88,62,Urban,Regular,62,4.82,Afternoon,Economy,162,601.2360266422271,1,0.6658701712465153,High_demand,High_supply,1.0864197530864197,1.631578947368421,0.23412982875348476,460.46873868405686,983.1007570904615,A,601.2360266422271,3.702649911273021e-19,0,420.8652186495589,0.0
48,38,Suburban,Silver,64,4.97,Night,Premium,152,701.4695729515377,0,0.4631578947368421,Medium_demand,Medium_supply,0.8,1.7272727272727273,0.4368421052631579,395.0381279253396,771.6165302466915,B,771.6165302466915,3.7226857890808137e-56,0,540.131571172684,0.0
53,35,Suburban,Regular,1,3.67,Morning,Premium,88,392.0078846224547,1,0.5552380952380952,Medium_demand,Medium_supply,0.8833333333333333,1.5909090909090908,0.3447619047619048,256.8584996383322,468.76676183995625,B,468.76676183995625,0.9999999999536391,1,328.1367332879694,140.63002855198687
31,12,Suburban,Gold,34,4.7,Night,Economy,105,331.8375249153692,0,1.4208333333333334,Low_demand,Medium_supply,0.775,0.5454545454545454,0.3208333333333333,438.3020641590502,567.60117308597,A,331.8375249153692,1.0,1,232.28626744075842,99.5512574746108
56,34,Suburban,Silver,1,4.56,Afternoon,Economy,121,307.5259290756184,1,0.603921568627451,Medium_demand,Medium_supply,0.9333333333333333,1.5454545454545454,0.29607843137254897,216.47413438852357,421.312784053664,B,421.312784053664,1.0,1,294.9189488375648,126.3938352160992
48,35,Rural,Gold,47,4.26,Morning,Economy,26,68.27174499943663,1,0.5028571428571429,Medium_demand,Medium_supply,0.8,1.5909090909090908,0.39714285714285713,41.1581091282318,75.0989194993803,B,75.0989194993803,1.0,1,52.56924364956621,22.52967584981409
93,66,Suburban,Silver,22,3.91,Night,Economy,180,765.4397485645513,0,0.6610549943883277,High_demand,High_supply,1.1481481481481481,1.736842105263158,0.2389450056116723,582.5417435483976,1017.9916968508248,B,1017.9916968508248,1.1780635377073697e-109,0,712.5941877955773,0.0
49,18,Rural,Silver,62,4.92,Afternoon,Economy,62,168.36628924698925,1,0.9981481481481481,Medium_demand,Medium_supply,0.8166666666666667,0.8181818181818182,0.0,168.36628924698925,286.39105800912876,B,286.39105800912876,1.0,1,200.47374060639012,85.91731740273863
72,33,Rural,Gold,63,4.25,Evening,Economy,132,351.7736189685264,0,0.7999999999999999,Medium_demand,Medium_supply,1.2,1.5,0.10000000000000009,316.59625707167373,468.2458642090055,A,351.7736189685264,1.0,1,246.24153327796847,105.53208569055795
62,11,Suburban,Gold,37,4.23,Morning,Premium,71,363.3457529659053,1,2.066666666666667,Medium_demand,Medium_supply,1.0333333333333334,0.5,0.9666666666666668,714.5799808329472,1155.833118997292,B,1155.833118997292,1.378111022634818e-139,0,809.0831832981045,0.0
39,15,Suburban,Regular,53,4.6,Evening,Premium,38,201.7146762833217,0,1.4300000000000002,Low_demand,Medium_supply,0.975,0.6818181818181818,0.33000000000000007,268.28051945681784,278.87759997536216,B,278.87759997536216,1.0,1,195.2143199827535,83.66327999260866
67,56,Urban,Gold,49,4.22,Afternoon,Premium,23,121.43999901863724,1,0.7577380952380953,Medium_demand,High_supply,1.1166666666666667,1.4736842105263157,0.1422619047619047,104.16371344396207,140.62101314934878,A,121.43999901863724,1.0,1,85.00799931304606,36.43199970559118
88,15,Urban,Regular,39,4.51,Afternoon,Economy,137,598.7750233051204,1,1.5934156378600823,High_demand,Medium_supply,1.0864197530864197,0.6818181818181818,0.49341563786008225,894.219983363902,1788.439966727804,A,598.7750233051204,1.2673971777503473e-18,0,419.1425163135842,0.0
29,16,Urban,Silver,75,4.11,Morning,Premium,80,371.1242881043308,1,0.996875,Low_demand,Medium_supply,0.725,0.7272727272727273,0.0,371.1242881043308,616.0663182531891,B,616.0663182531891,2.229234446601809e-22,0,431.2464227772324,0.0
100,24,Urban,Silver,88,4.49,Night,Economy,56,173.66696747925593,0,1.131687242798354,High_demand,Medium_supply,1.2345679012345678,1.0909090909090908,0.03168724279835389,179.16999484382495,186.33679463757795,B,186.33679463757795,1.0,1,130.43575624630455,55.9010383912734
98,43,Suburban,Gold,62,4.98,Morning,Economy,130,538.5185280064754,1,1.069193224231984,High_demand,High_supply,1.2098765432098766,1.131578947368421,0.0,538.5185280064754,1024.1276106363148,B,1024.1276106363148,5.479891568265071e-111,0,716.8893274454203,0.0
35,10,Rural,Gold,40,3.54,Night,Economy,75,281.9625670059949,0,0.9625,Low_demand,Low_supply,0.875,0.9090909090909091,0.0,281.9625670059949,335.535454737134,B,335.535454737134,1.0,1,234.87481831599376,100.66063642114023
58,14,Rural,Gold,10,3.77,Morning,Economy,95,258.01445968829404,1,1.519047619047619,Medium_demand,Medium_supply,0.9666666666666667,0.6363636363636364,0.4190476190476189,366.1348047005315,653.5506263904488,B,653.5506263904488,1.616373249034682e-30,0,457.4854384733141,0.0
22,7,Urban,Gold,53,4.43,Morning,Premium,98,476.2019961536034,1,0.8642857142857143,Low_demand,Low_supply,0.55,0.6363636363636364,0.0357142857142857,459.1947820052604,750.7834685786006,B,750.7834685786006,1.2436501976376004e-51,0,525.5484280050204,0.0
84,37,Suburban,Regular,94,3.83,Night,Economy,28,124.64550323605349,0,0.6166166166166166,High_demand,Medium_supply,1.037037037037037,1.6818181818181819,0.2833833833833834,89.32303880549618,137.11005355965884,A,124.64550323605349,1.0,1,87.25185226523743,37.393650970816054
91,14,Suburban,Silver,19,4.78,Night,Premium,19,111.11271494112724,0,1.7654320987654324,High_demand,Medium_supply,1.123456790123457,0.6363636363636364,0.6654320987654323,185.05068204392674,184.58805533881693,B,184.58805533881693,1.0,1,129.21163873717185,55.376416601645076
56,29,Urban,Gold,67,4.49,Afternoon,Economy,125,421.8171879075184,1,0.7080459770114943,Medium_demand,Medium_supply,0.9333333333333333,1.3181818181818181,0.19195402298850572,340.8476817229718,608.4131118755047,B,608.4131118755047,1.0233598983544819e-20,0,425.88917831285323,0.0
97,21,Rural,Regular,36,3.72,Evening,Premium,23,134.0510144913575,0,1.2545561434450323,High_demand,Medium_supply,1.1975308641975309,0.9545454545454546,0.1545561434450322,154.76942231603584,170.24636454763944,A,134.0510144913575,1.0,1,93.83571014395025,40.215304347407255
57,47,Urban,Gold,26,3.8,Morning,Economy,30,132.4032477391118,1,0.7680851063829787,Medium_demand,High_supply,0.95,1.236842105263158,0.13191489361702136,114.93728739905875,155.1653379887293,A,132.4032477391118,1.0,1,92.68227341737825,39.72097432173355
94,27,Suburban,Silver,100,3.6,Night,Premium,172,547.9814624298182,0,0.9455875628715135,High_demand,Medium_supply,1.1604938271604939,1.2272727272727273,0.0,547.9814624298182,918.6909217635903,A,547.9814624298182,1.35704509285708e-07,0,383.5870237008727,0.0
84,6,Suburban,Gold,24,3.74,Morning,Economy,68,281.96824577029594,1,1.9012345679012346,High_demand,Low_supply,1.037037037037037,0.5454545454545454,0.8012345679012345,507.8909513319281,796.1190662127973,A,281.96824577029594,1.0,1,197.37777203920714,84.59047373108879
40,11,Rural,Silver,1,4.24,Night,Premium,35,182.46632143825187,0,1.3333333333333333,Medium_demand,Medium_supply,0.6666666666666666,0.5,0.23333333333333317,225.0417964405106,235.16867728033358,B,235.16867728033358,1.0,1,164.6180740962335,70.55060318410008
65,36,Suburban,Silver,20,4.39,Night,Premium,87,313.7742265682814,0,0.662037037037037,Medium_demand,Medium_supply,1.0833333333333333,1.6363636363636365,0.23796296296296304,239.10758191268107,345.15164922510957,B,345.15164922510957,1.0,1,241.60615445757668,103.54549476753289
35,22,Urban,Silver,28,4.88,Afternoon,Premium,116,422.8866610257602,1,0.875,Low_demand,Medium_supply,0.875,1.0,0.025000000000000022,412.31449450011615,752.473952462712,B,752.473952462712,5.340898590040748e-52,0,526.7317667238983,0.0
40,30,Urban,Regular,67,4.03,Evening,Premium,143,529.6967147126813,0,0.4888888888888889,Medium_demand,Medium_supply,0.6666666666666666,1.3636363636363635,0.41111111111111115,311.93250977524565,582.6663861839495,B,582.6663861839495,3.988952290976515e-15,0,407.86647032876465,0.0
61,45,Urban,Silver,6,4.99,Evening,Economy,10,25.993449448411635,0,0.8585185185185186,Medium_demand,High_supply,1.0166666666666666,1.1842105263157894,0.04148148148148145,24.915202656477522,28.592794393252802,B,28.592794393252802,1.0,1,20.01495607527696,8.577838317975843
50,14,Urban,Gold,98,3.52,Night,Premium,109,351.5699575243088,0,1.3095238095238095,Medium_demand,Medium_supply,0.8333333333333334,0.6363636363636364,0.20952380952380945,425.2322343389258,527.287970580268,B,527.287970580268,0.0042101415500449095,0,369.1015794061876,0.0
98,25,Suburban,Silver,30,4.76,Afternoon,Economy,60,154.68715967826247,1,1.0646913580246913,High_demand,Medium_supply,1.2098765432098766,1.1363636363636365,0.0,154.68715967826247,254.65373662033963,A,154.68715967826247,1.0,1,108.28101177478372,46.406147903478754
54,37,Suburban,Regular,41,4.69,Afternoon,Premium,16,106.59208227583191,1,0.5351351351351351,Medium_demand,Medium_supply,0.9,1.6818181818181819,0.3648648648648649,67.70037658059594,106.62809311443863,B,106.62809311443863,1.0,1,74.63966518010703,31.988427934331597
37,13,Rural,Regular,31,4.66,Afternoon,Economy,35,132.1665679180113,1,1.5653846153846154,Low_demand,Medium_supply,0.925,0.5909090909090909,0.4653846153846153,193.67485529523964,319.5635112371454,A,132.1665679180113,1.0,1,92.51659754260791,39.6499703754034
78,41,Urban,Silver,12,4.99,Afternoon,Economy,22,76.224961221763,1,1.2048780487804878,Medium_demand,High_supply,1.3,1.0789473684210527,0.10487804878048768,84.21928642306983,120.0124831528745,A,76.224961221763,1.0,1,53.35747285523409,22.867488366528903
84,21,Rural,Gold,88,3.5,Afternoon,Economy,146,598.9400399823005,1,1.0864197530864197,High_demand,Medium_supply,1.037037037037037,0.9545454545454546,0.0,598.9400399823005,1208.9604707042738,B,1208.9604707042738,4.007064786018409e-151,0,846.2723294929916,0.0
44,32,Suburban,Silver,51,4.2,Afternoon,Premium,168,563.1508995670627,1,0.5041666666666667,Medium_demand,Medium_supply,0.7333333333333333,1.4545454545454546,0.39583333333333337,340.237001821767,724.8749323812747,A,563.1508995670627,6.895931148903073e-11,0,394.20562969694384,0.0
25,11,Urban,Silver,92,3.91,Night,Economy,115,310.1546162756803,0,1.25,Low_demand,Medium_supply,0.625,0.5,0.1499999999999999,356.67780871703235,477.9482636808233,B,477.9482636808233,0.9999999954302781,1,334.56378457657627,143.38447910424702
38,13,Urban,Gold,38,4.46,Evening,Premium,28,145.13756861567325,0,1.6076923076923075,Low_demand,Medium_supply,0.95,0.5909090909090909,0.5076923076923074,218.822795759015,196.94051618311352,A,145.13756861567325,1.0,1,101.59629803097127,43.54127058470198
85,25,Urban,Silver,21,4.03,Morning,Economy,73,323.5576857599395,1,0.9234567901234567,High_demand,Medium_supply,1.0493827160493827,1.1363636363636365,0.0,323.5576857599395,525.7812393599015,B,525.7812393599015,0.00890079205801198,0,368.04686755193103,0.0
31,13,Suburban,Gold,87,4.04,Evening,Economy,11,31.565676162125197,0,1.3115384615384615,Low_demand,Medium_supply,0.775,0.5909090909090909,0.21153846153846145,38.243030734882446,35.73811222174764,A,31.565676162125197,1.0,1,22.095973313487637,9.46970284863756
67,6,Rural,Regular,25,4.45,Evening,Premium,31,144.46263762346956,0,2.0472222222222225,Medium_demand,Low_supply,1.1166666666666667,0.5454545454545454,0.9472222222222224,281.30085826125605,309.4309440873817,B,309.4309440873817,1.0,1,216.60166086116718,92.82928322621453
77,11,Rural,Silver,70,3.82,Night,Premium,63,252.4930471020809,0,2.566666666666667,Medium_demand,Medium_supply,1.2833333333333334,0.5,1.4666666666666668,622.8161828517996,737.4143604965307,B,737.4143604965307,9.948627661714887e-49,0,516.1900523475714,0.0
32,11,Suburban,Silver,30,3.53,Afternoon,Premium,32,146.51277441611944,1,1.6,Low_demand,Medium_supply,0.8,0.5,0.5,219.76916162417916,328.8296080801781,B,328.8296080801781,1.0,1,230.18072565612465,98.64888242405345
71,30,Rural,Regular,60,4.83,Evening,Premium,156,501.801349985356,0,0.8677777777777779,Medium_demand,Medium_supply,1.1833333333333333,1.3636363636363635,0.03222222222222215,485.6321953747168,820.2327779878967,B,820.2327779878967,1.0326955818430916e-66,0,574.1629445915277,0.0
65,38,Urban,Regular,13,4.77,Morning,Premium,132,610.7325514755008,1,0.6271929824561403,Medium_demand,Medium_supply,1.0833333333333333,1.7272727272727273,0.2728070175438597,444.12042559051764,888.2408511810353,B,888.2408511810353,1.7628155088016899e-81,0,621.7685958267247,0.0
64,29,Urban,Silver,66,3.79,Night,Premium,37,194.26239936468437,0,0.8091954022988506,Medium_demand,Medium_supply,1.0666666666666667,1.3181818181818181,0.09080459770114946,176.62248034191418,213.68863930115282,A,194.26239936468437,1.0,1,135.98367955527905,58.27871980940532
48,38,Urban,Silver,45,4.17,Afternoon,Economy,87,318.2101259853132,1,0.4631578947368421,Medium_demand,Medium_supply,0.8,1.7272727272727273,0.4368421052631579,179.20254463383426,350.03113858384455,A,318.2101259853132,1.0,1,222.74708818971922,95.46303779559398
76,42,Rural,Gold,95,3.93,Morning,Economy,180,512.6251102173163,1,1.146031746031746,Medium_demand,High_supply,1.2666666666666666,1.105263157894737,0.04603174603174587,536.2221391003355,1189.6088155940945,A,512.6251102173163,0.8659239836959554,1,358.8375771521214,153.7875330651949
76,53,Urban,Regular,77,3.67,Afternoon,Premium,179,555.8919187631545,1,0.9081761006289308,Medium_demand,High_supply,1.2666666666666666,1.394736842105263,0.0,555.8919187631545,1214.6238424974927,B,1214.6238424974927,2.360700025710961e-152,0,850.2366897482448,0.0
71,14,Suburban,Silver,8,4.44,Night,Economy,76,242.15886076969636,0,1.8595238095238096,Medium_demand,Medium_supply,1.1833333333333333,0.6363636363636364,0.7595238095238095,426.0842812114419,510.23592675070165,A,242.15886076969636,1.0,1,169.51120253878744,72.64765823090892
76,9,Urban,Silver,64,4.16,Evening,Economy,10,41.40499127744981,0,1.548148148148148,Medium_demand,Low_supply,1.2666666666666666,0.8181818181818182,0.44814814814814796,59.96056144252916,56.36292775597741,B,56.36292775597741,1.0,1,39.45404942918418,16.90887832679323
51,14,Rural,Gold,16,3.51,Night,Premium,30,180.88655372559683,0,1.3357142857142856,Medium_demand,Medium_supply,0.85,0.6363636363636364,0.23571428571428554,223.52409853234462,221.2888575470212,B,221.2888575470212,1.0,1,154.90220028291483,66.38665726410636
88,38,Rural,Gold,29,3.73,Evening,Premium,167,537.8971058809161,0,0.6289798570500325,High_demand,Medium_supply,1.0864197530864197,1.7272727272727273,0.27102014294996757,392.1161553526964,643.0704947784221,A,537.8971058809161,2.100755047445286e-05,0,376.52797411664125,0.0
60,24,Rural,Gold,5,3.79,Afternoon,Premium,154,556.6629286327259,1,0.9166666666666667,Medium_demand,Medium_supply,1.0,1.0909090909090908,0.0,556.6629286327259,1160.6422061992334,A,556.6629286327259,1.7678194334269995e-09,0,389.6640500429081,0.0
73,55,Rural,Regular,55,4.2,Afternoon,Economy,52,158.5563431447304,1,0.8406060606060605,Medium_demand,High_supply,1.2166666666666666,1.4473684210526316,0.059393939393939554,149.1390573094676,258.5325558459621,B,258.5325558459621,1.0,1,180.97278909217349,77.55976675378864
23,10,Urban,Silver,80,3.88,Afternoon,Economy,22,59.4454065021933,1,0.6325,Low_demand,Low_supply,0.575,0.9090909090909091,0.26750000000000007,43.54376026285659,61.39670197062778,A,59.4454065021933,1.0,1,41.61178455153531,17.833621950657992
74,27,Suburban,Silver,51,3.75,Morning,Premium,111,334.1449975015087,1,1.0049382716049382,Medium_demand,Medium_supply,1.2333333333333334,1.2272727272727273,0.0,334.1449975015087,628.3596678015872,B,628.3596678015872,4.771872253320164e-25,0,439.851767461111,0.0
49,6,Suburban,Gold,18,4.41,Night,Premium,148,443.7750198288772,0,1.4972222222222222,Medium_demand,Low_supply,0.8166666666666667,0.5454545454545454,0.39722222222222214,620.0523193720145,926.9782174611616,B,926.9782174611616,6.831163077747747e-90,0,648.8847522228131,0.0
31,8,Rural,Gold,7,3.57,Night,Economy,35,145.24203735141535,0,1.065625,Low_demand,Low_supply,0.775,0.7272727272727273,0.0,145.24203735141535,159.7662410865569,B,159.7662410865569,1.0,1,111.83636876058982,47.92987232596708
57,46,Rural,Regular,42,4.39,Morning,Economy,56,210.6317666138125,1,0.7847826086956522,Medium_demand,High_supply,0.95,1.2105263157894737,0.11521739130434783,186.36332393874278,326.1358168927999,B,326.1358168927999,1.0,1,228.2950718249599,97.84074506783998
64,19,Suburban,Regular,35,4.02,Afternoon,Economy,39,152.22919256822726,1,1.2350877192982457,Medium_demand,Medium_supply,1.0666666666666667,0.8636363636363636,0.1350877192982456,172.79348700288253,272.14974202954,B,272.14974202954,1.0,1,190.504819420678,81.644922608862
86,76,Suburban,Regular,84,4.99,Night,Economy,149,612.446726848697,0,0.5308641975308642,High_demand,High_supply,1.0617283950617284,2.0,0.3691358024691358,386.3707128638076,614.1362480970223,A,612.446726848697,1.3618837317974604e-21,0,428.7127087940879,0.0
54,28,Suburban,Regular,73,3.56,Morning,Premium,51,250.28588237277447,1,0.7071428571428572,Medium_demand,Medium_supply,0.9,1.2727272727272727,0.19285714285714284,202.01646220088224,335.19581490681384,A,250.28588237277447,1.0,1,175.2001176609421,75.08576471183235
85,37,Rural,Gold,10,3.76,Night,Premium,61,309.08254473187293,0,0.6239572906239572,High_demand,Medium_supply,1.0493827160493827,1.6818181818181819,0.2760427093760428,223.76256166324478,339.9907992050602,B,339.9907992050602,1.0,1,237.99355944354215,101.99723976151807
58,15,Rural,Regular,14,4.76,Night,Premium,12,94.1609176991503,0,1.4177777777777778,Medium_demand,Medium_supply,0.9666666666666667,0.6818181818181818,0.3177777777777777,124.08316487910251,136.49148136701277,B,136.49148136701277,1.0,1,95.54403695690893,40.94744441010384
96,27,Rural,Gold,21,4.37,Night,Premium,57,243.93730652889337,0,0.9657064471879286,High_demand,Medium_supply,1.1851851851851851,1.2272727272727273,0.0,243.93730652889337,265.8916641164938,A,243.93730652889337,1.0,1,170.75611457022535,73.18119195866802
58,31,Suburban,Silver,32,4.87,Evening,Premium,85,331.19305388667465,0,0.6860215053763441,Medium_demand,Medium_supply,0.9666666666666667,1.4090909090909092,0.21397849462365592,260.3248627861926,364.31235927534215,A,331.19305388667465,1.0,1,231.83513772067224,99.35791616600241
77,45,Suburban,Silver,88,4.16,Morning,Economy,151,595.2312211886215,1,1.0837037037037038,Medium_demand,High_supply,1.2833333333333334,1.1842105263157894,0.0,595.2312211886215,1238.3785556829268,B,1238.3785556829268,1.6397225789845005e-157,0,866.8649889780487,0.0
93,73,Rural,Regular,78,3.81,Night,Premium,106,465.962681649944,0,0.5976661593099949,High_demand,High_supply,1.1481481481481481,1.9210526315789473,0.30233384069000513,325.08639448850226,467.7993216689548,A,465.962681649944,0.9999999999885909,1,326.1738771549608,139.7888044949832
44,11,Rural,Regular,56,3.83,Afternoon,Premium,18,104.75201005936664,1,1.4666666666666666,Medium_demand,Medium_supply,0.7333333333333333,0.5,0.3666666666666665,143.16108041446773,233.85362485703308,B,233.85362485703308,1.0,1,163.69753739992314,70.15608745710995
20,10,Rural,Regular,54,4.12,Morning,Premium,168,784.0551260339382,1,0.55,Low_demand,Low_supply,0.5,0.9090909090909091,0.35,509.6358319220599,1163.7534221940239,A,784.0551260339382,7.410536059834858e-59,0,548.8385882237567,0.0
70,40,Suburban,Regular,9,3.77,Evening,Economy,130,382.9299378688001,0,1.1083333333333334,Medium_demand,High_supply,1.1666666666666667,1.0526315789473684,0.008333333333333304,386.12102068437343,598.4875820607788,B,598.4875820607788,1.4632879924388104e-18,0,418.9413074425451,0.0
42,12,Rural,Gold,92,4.5,Afternoon,Economy,123,319.2967130915861,1,1.2833333333333334,Medium_demand,Medium_supply,0.7,0.5454545454545454,0.18333333333333335,377.8344438250436,724.8753804783462,A,319.2967130915861,1.0,1,223.50769916411028,95.78901392747585
87,33,Rural,Regular,53,4.15,Evening,Economy,143,640.1373391067773,0,0.7160493827160495,High_demand,Medium_supply,1.0740740740740742,1.5,0.18395061728395057,522.38368043158,856.1868522273596,B,856.1868522273596,1.6093269975323323e-74,0,599.3307965591517,0.0
70,43,Suburban,Gold,47,4.31,Morning,Economy,57,243.4933853851045,1,1.0310077519379846,Medium_demand,High_supply,1.1666666666666667,1.131578947368421,0.0,243.4933853851045,369.5012123218961,A,243.4933853851045,1.0,1,170.44536976957312,73.04801561553137
61,15,Urban,Gold,29,4.49,Afternoon,Economy,32,135.005874109167,1,1.491111111111111,Medium_demand,Medium_supply,1.0166666666666666,0.6818181818181818,0.39111111111111097,187.80817153853008,253.5410315770156,A,135.005874109167,1.0,1,94.50411187641689,40.50176223275011
71,36,Suburban,Silver,69,4.37,Morning,Economy,110,392.9639432866157,1,0.7231481481481481,Medium_demand,Medium_supply,1.1833333333333333,1.6363636363636365,0.17685185185185193,323.4675422053716,608.2807131172015,B,608.2807131172015,1.0933983638057162e-20,0,425.796499182041,0.0
81,33,Suburban,Regular,41,4.93,Afternoon,Premium,162,617.2885000560723,1,0.9,Medium_demand,Medium_supply,1.35,1.5,0.0,617.2885000560723,1373.4669126247609,A,617.2885000560723,1.209935832973913e-22,0,432.1019500392506,0.0
87,64,Rural,Silver,69,4.55,Evening,Premium,65,310.7883994951958,0,0.6377314814814816,High_demand,High_supply,1.0740740740740742,1.6842105263157894,0.2622685185185184,229.27838638684935,341.8672394447154,B,341.8672394447154,1.0,1,239.30706761130074,102.56017183341464
85,65,Suburban,Regular,73,4.65,Afternoon,Premium,165,770.0708908209459,1,0.6134852801519468,High_demand,High_supply,1.0493827160493827,1.7105263157894737,0.2865147198480532,549.4342452742418,1213.8376063721187,A,770.0708908209459,8.062833994700358e-56,0,539.0496235746621,0.0
91,65,Urban,Regular,40,3.58,Evening,Economy,141,373.50470759834695,0,0.6567901234567902,High_demand,High_supply,1.123456790123457,1.7105263157894737,0.2432098765432098,282.6646737750453,438.1302443513202,B,438.1302443513202,1.0,1,306.69117104592414,131.43907330539605
83,57,Rural,Silver,80,4.6,Night,Premium,172,814.4195559447121,0,0.683127572016461,High_demand,High_supply,1.0246913580246915,1.5,0.216872427983539,637.7944094497067,1105.9355059857915,A,814.4195559447121,1.8892848704126525e-65,0,570.0936891612985,0.0
64,10,Suburban,Gold,75,3.61,Morning,Premium,155,473.34669329802574,1,1.1733333333333333,Medium_demand,Low_supply,1.0666666666666667,0.9090909090909091,0.07333333333333325,508.0587841398809,1017.0066711520067,B,1017.0066711520067,1.9278104366544451e-109,0,711.9046698064046,0.0
69,22,Rural,Silver,25,4.41,Night,Premium,74,266.76777889406367,0,1.15,Medium_demand,Medium_supply,1.15,1.0,0.04999999999999982,280.1061678387668,348.7321789592647,A,266.76777889406367,1.0,1,186.73744522584457,80.0303336682191
37,12,Rural,Silver,15,3.73,Evening,Economy,142,369.36165888010754,0,1.6958333333333335,Low_demand,Medium_supply,0.925,0.5454545454545454,0.5958333333333334,589.4396472961716,940.1562374373938,B,940.1562374373938,9.395588207922078e-93,0,658.1093662061757,0.0
93,28,Urban,Silver,63,3.9,Evening,Economy,38,111.72394123957052,0,0.9021164021164021,High_demand,Medium_supply,1.1481481481481481,1.2727272727272727,0.0,111.72394123957052,122.89633536352758,A,111.72394123957052,1.0,1,78.20675886769936,33.51718237187116
66,49,Rural,Gold,42,4.56,Afternoon,Economy,124,429.94835612457183,1,0.8530612244897959,Medium_demand,High_supply,1.1,1.2894736842105263,0.04693877551020409,409.7671067554593,792.8993515718138,B,792.8993515718138,8.899189422790295e-61,0,555.0295461002696,0.0
47,36,Rural,Silver,100,4.2,Morning,Economy,103,414.77830030238334,1,0.4787037037037037,Medium_demand,Medium_supply,0.7833333333333333,1.6363636363636365,0.42129629629629634,240.03373860091628,452.34358039342675,B,452.34358039342675,0.9999999999999873,1,316.6405062753987,135.70307411802804
71,30,Rural,Regular,45,4.16,Evening,Premium,53,227.1825700126456,0,0.8677777777777779,Medium_demand,Medium_supply,1.1833333333333333,1.3636363636363635,0.03222222222222215,219.8622427566826,263.83469130801916,B,263.83469130801916,1.0,1,184.6842839156134,79.15040739240575
58,19,Urban,Silver,47,3.97,Evening,Economy,77,247.4420018201041,0,1.119298245614035,Medium_demand,Medium_supply,0.9666666666666667,0.8636363636363636,0.019298245614034926,252.21719834645697,290.04977809842546,A,247.4420018201041,1.0,1,173.20940127407286,74.23260054603125
100,18,Suburban,Silver,50,4.89,Morning,Premium,51,213.8232968736634,1,1.5089163237311383,High_demand,Medium_supply,1.2345679012345678,0.8181818181818182,0.4089163237311382,301.2591333593136,476.14006027439507,B,476.14006027439507,0.9999999981496948,1,333.29804219207654,142.84201808231853
94,28,Urban,Regular,59,4.45,Night,Economy,173,652.5878909594384,0,0.9118165784832452,High_demand,Medium_supply,1.1604938271604939,1.2727272727272727,0.0,652.5878909594384,1102.873535721451,A,652.5878909594384,2.6157545948114104e-30,0,456.81152367160684,0.0
49,6,Rural,Silver,23,4.65,Night,Premium,69,289.6463054085282,0,1.4972222222222222,Medium_demand,Low_supply,0.8166666666666667,0.5454545454545454,0.39722222222222214,404.7002545013602,483.61680412912546,B,483.61680412912546,0.9999999222325848,1,338.5317628903878,145.08504123873763
42,7,Rural,Gold,90,3.67,Evening,Economy,32,123.762469326047,0,1.0999999999999999,Medium_demand,Low_supply,0.7,0.6363636363636364,0.0,123.762469326047,136.1387162586517,A,123.762469326047,1.0,1,86.6337285282329,37.1287407978141
79,63,Urban,Gold,56,4.66,Evening,Premium,70,292.5906288976858,0,0.7941798941798941,Medium_demand,High_supply,1.3166666666666667,1.6578947368421053,0.10582010582010593,261.62865758576135,321.8496917874544,B,321.8496917874544,1.0,1,225.29478425121806,96.55490753623633
59,5,Rural,Gold,17,4.97,Evening,Premium,143,440.93951077757487,0,2.163333333333333,Medium_demand,Low_supply,0.9833333333333333,0.45454545454545453,1.063333333333333,909.8051905710627,1401.0999934794368,A,440.93951077757487,1.0,1,308.65765754430237,132.2818532332725
54,7,Urban,Regular,91,3.75,Night,Economy,97,298.3226183929867,0,1.4142857142857144,Medium_demand,Low_supply,0.9,0.6363636363636364,0.3142857142857143,392.08115560221114,505.7846907268524,A,298.3226183929867,1.0,1,208.8258328750907,89.49678551789603
60,6,Rural,Silver,65,4.76,Morning,Economy,168,629.2044295696749,1,1.8333333333333335,Medium_demand,Low_supply,1.0,0.5454545454545454,0.7333333333333334,1090.6210112541032,2400.4568457702817,B,2400.4568457702817,0.0,0,1680.3197920391972,0.0
26,13,Suburban,Silver,4,3.63,Night,Premium,123,441.99619244539696,0,1.1,Low_demand,Medium_supply,0.65,0.5909090909090909,0.0,441.99619244539696,639.7894885647121,A,441.99619244539696,1.0,1,309.39733471177783,132.59885773361913
90,10,Rural,Silver,59,4.44,Morning,Premium,147,691.5012905566776,1,1.2222222222222223,High_demand,Low_supply,1.1111111111111112,0.9090909090909091,0.12222222222222223,776.0181149580494,1630.4140595268618,A,691.5012905566776,9.28238630055502e-39,0,484.0509033896743,0.0
34,12,Suburban,Silver,38,4.18,Afternoon,Economy,24,106.94859059241988,1,1.5583333333333333,Low_demand,Medium_supply,0.85,0.5454545454545454,0.45833333333333326,155.96669461394563,233.36516681611613,B,233.36516681611613,1.0,1,163.3556167712813,70.00955004483484
80,34,Suburban,Silver,84,3.8,Night,Economy,174,561.4385219871201,0,0.8627450980392156,Medium_demand,Medium_supply,1.3333333333333333,1.5454545454545454,0.0372549019607844,540.5221848934823,911.8609259153047,A,561.4385219871201,1.6234203423727482e-10,0,393.0069653909841,0.0
21,7,Rural,Regular,58,4.31,Morning,Premium,75,328.45835687553256,1,0.8250000000000001,Low_demand,Low_supply,0.525,0.6363636363636364,0.07499999999999996,303.82398010986765,557.0612675314425,A,328.45835687553256,1.0,1,229.92084981287277,98.53750706265978
97,71,Suburban,Silver,52,4.32,Evening,Economy,36,133.38738314122594,0,0.6409320118240306,High_demand,High_supply,1.1975308641975309,1.868421052631579,0.25906798817596943,98.83098214277132,146.72612145534853,A,133.38738314122594,1.0,1,93.37116819885816,40.01621494236778
64,7,Suburban,Regular,92,4.58,Evening,Premium,16,114.6992021313152,0,1.6761904761904762,Medium_demand,Low_supply,1.0666666666666667,0.6363636363636364,0.5761904761904761,180.7877900260254,187.9289077320534,B,187.9289077320534,1.0,1,131.5502354124374,56.378672319616015
47,34,Rural,Gold,16,4.38,Evening,Premium,46,237.14338896943255,0,0.5068627450980392,Medium_demand,Medium_supply,0.7833333333333333,1.5454545454545454,0.39313725490196083,143.9134880118419,260.85772786637585,A,237.14338896943255,1.0,1,166.00037227860278,71.14301669082977
44,28,Rural,Gold,30,3.93,Evening,Premium,42,157.10657171647188,0,0.5761904761904761,Medium_demand,Medium_supply,0.7333333333333333,1.2727272727272727,0.3238095238095239,106.2339675416143,172.81722888811908,B,172.81722888811908,1.0,1,120.97206022168335,51.845168666435725
21,9,Suburban,Gold,13,4.01,Evening,Economy,127,431.251597706785,0,0.6416666666666666,Low_demand,Low_supply,0.525,0.8181818181818182,0.2583333333333334,319.8449349658655,446.1836842773824,A,431.251597706785,1.0,1,301.8761183947495,129.3754793120355
57,37,Urban,Gold,59,3.92,Evening,Economy,159,585.8075881778408,0,0.5648648648648649,Medium_demand,Medium_supply,0.95,1.6818181818181819,0.33513513513513515,389.4828829506725,644.3883469956249,A,585.8075881778408,8.293836999036582e-16,0,410.06531172448854,0.0
62,5,Rural,Silver,51,4.4,Afternoon,Economy,160,647.204374917644,1,2.2733333333333334,Medium_demand,Low_supply,1.0333333333333334,0.45454545454545453,1.1733333333333333,1406.5908414876797,3095.906442114383,A,647.204374917644,3.8602252927651696e-29,0,453.0430624423508,0.0
25,6,Urban,Gold,60,3.91,Evening,Premium,145,559.578839787104,0,1.1458333333333335,Low_demand,Low_supply,0.625,0.5454545454545454,0.04583333333333339,585.2262032773464,842.7257327193788,B,842.7257327193788,1.3479980321469076e-71,0,589.9080129035651,0.0
92,33,Suburban,Silver,70,3.69,Evening,Premium,46,173.1505322724627,0,0.757201646090535,High_demand,Medium_supply,1.1358024691358024,1.5,0.14279835390946505,148.42492128540732,190.465585499709,A,173.1505322724627,1.0,1,121.20537259072388,51.945159681738815
38,7,Rural,Gold,46,3.79,Night,Economy,78,198.17046750812372,0,1.4928571428571429,Low_demand,Low_supply,0.95,0.6363636363636364,0.3928571428571428,276.02315117202943,328.46754989471503,A,198.17046750812372,1.0,1,138.7193272556866,59.45114025243711
99,31,Urban,Silver,0,3.54,Morning,Economy,50,192.7088692483722,1,0.8673835125448028,High_demand,Medium_supply,1.2222222222222223,1.4090909090909092,0.032616487455197185,186.42338283202744,284.2956588188418,B,284.2956588188418,1.0,1,199.00696117318924,85.28869764565255
35,7,Rural,Regular,65,4.19,Night,Economy,65,165.0758241756551,0,1.375,Low_demand,Low_supply,0.875,0.6363636363636364,0.2749999999999999,210.47167582396023,260.77440634588675,A,165.0758241756551,1.0,1,115.55307692295857,49.52274725269653
30,13,Urban,Gold,53,3.68,Night,Premium,124,379.4680328899806,0,1.2692307692307692,Low_demand,Medium_supply,0.75,0.5909090909090909,0.16923076923076907,443.6856999944388,594.538837992548,B,594.538837992548,1.0538739957984186e-17,0,416.17718659478356,0.0
28,6,Urban,Gold,53,4.48,Night,Premium,148,461.10955384851616,0,1.2833333333333334,Low_demand,Low_supply,0.7,0.5454545454545454,0.18333333333333335,545.6463053874108,785.7306797578716,B,785.7306797578716,3.2063265903575153e-59,0,550.0114758305101,0.0
59,47,Rural,Silver,73,3.54,Night,Economy,75,234.5672445982206,0,0.7950354609929077,Medium_demand,High_supply,0.9833333333333333,1.236842105263158,0.10496453900709235,209.9460019028045,259.07336634806074,A,234.5672445982206,1.0,1,164.19707121875442,70.3701733794662
24,13,Urban,Silver,50,4.26,Night,Premium,141,540.0620306756346,0,1.0153846153846153,Low_demand,Medium_supply,0.6,0.5909090909090909,0.0,540.0620306756346,804.6924257066955,B,804.6924257066955,2.446340697179195e-63,0,563.2846979946868,0.0
21,6,Suburban,Regular,15,3.81,Evening,Premium,80,318.8415033130425,0,0.9625000000000001,Low_demand,Low_supply,0.525,0.5454545454545454,0.0,318.8415033130425,414.49395430695523,A,318.8415033130425,1.0,1,223.18905231912973,95.65245099391277
84,54,Suburban,Silver,59,4.98,Afternoon,Premium,43,196.31514152174805,1,0.7297668038408779,High_demand,High_supply,1.037037037037037,1.4210526315789473,0.17023319615912214,162.89578752607048,249.31200280865087,B,249.31200280865087,1.0,1,174.5184019660556,74.79360084259528
100,50,Urban,Silver,83,4.91,Morning,Premium,173,622.4914304114809,1,0.9382716049382714,High_demand,High_supply,1.2345679012345678,1.3157894736842106,0.0,622.4914304114809,1313.4569181682248,B,1313.4569181682248,8.160393628677695e-174,0,919.4198427177573,0.0
30,11,Urban,Silver,99,4.96,Evening,Economy,83,349.6745279402746,0,1.5,Low_demand,Medium_supply,0.75,0.5,0.3999999999999999,489.5443391163844,582.5577635484974,A,349.6745279402746,1.0,1,244.7721695581922,104.90235838208238
45,35,Rural,Regular,0,4.58,Afternoon,Premium,41,206.1473318707726,1,0.4714285714285715,Medium_demand,Medium_supply,0.75,1.5909090909090908,0.42857142857142855,117.7984753547272,226.7620650578499,B,226.7620650578499,1.0,1,158.73344554049493,68.02861951735497
53,35,Urban,Gold,35,3.92,Afternoon,Premium,166,635.9330544824535,1,0.5552380952380952,Medium_demand,Medium_supply,0.8833333333333333,1.5909090909090908,0.3447619047619048,416.6875633180266,833.3751266360532,B,833.3751266360532,1.445931005171186e-69,0,583.3625886452372,0.0
65,41,Rural,Gold,51,3.57,Night,Premium,48,251.1121418065252,0,1.0040650406504064,Medium_demand,High_supply,1.0833333333333333,1.0789473684210527,0.0,251.1121418065252,258.39439391891443,B,258.39439391891443,1.0,1,180.87607574324008,77.51831817567435
93,6,Rural,Silver,85,4.47,Night,Economy,107,324.098767437868,0,2.1049382716049383,High_demand,Low_supply,1.1481481481481481,0.5454545454545454,1.0049382716049382,649.7980226161699,899.3204633007791,B,899.3204633007791,6.923084940081404e-84,0,629.5243243105454,0.0
28,5,Rural,Regular,69,4.49,Morning,Premium,132,425.4887347951667,1,1.54,Low_demand,Low_supply,0.7,0.45454545454545453,0.43999999999999995,612.70377810504,1307.2035105871028,B,1307.2035105871028,1.860464171560615e-172,0,915.0424574109719,0.0
38,8,Urban,Silver,78,3.57,Night,Economy,114,470.2690237026412,0,1.30625,Low_demand,Low_supply,0.95,0.7272727272727273,0.20624999999999982,567.2620098413109,760.1310931873568,A,470.2690237026412,0.9999999999017428,1,329.18831659184883,141.0807071107924
25,6,Urban,Regular,69,4.45,Evening,Premium,94,398.051725971793,0,1.1458333333333335,Low_demand,Low_supply,0.625,0.5454545454545454,0.04583333333333339,416.2957634121669,537.0215348016953,B,537.0215348016953,3.2546047096406605e-05,0,375.9150743611867,0.0
76,23,Rural,Regular,64,3.57,Night,Premium,115,564.9317250247195,0,1.2115942028985507,Medium_demand,Medium_supply,1.2666666666666666,1.0454545454545454,0.1115942028985506,627.9748305709563,935.0545227201541,A,564.9317250247195,2.8306852504593294e-11,0,395.45220751730363,0.0
22,7,Suburban,Gold,73,4.91,Morning,Premium,73,238.31899146487595,1,0.8642857142857143,Low_demand,Low_supply,0.55,0.6363636363636364,0.0357142857142857,229.80759891255894,368.0943215581913,B,368.0943215581913,1.0,1,257.6660250907339,110.42829646745741
40,5,Rural,Silver,17,4.55,Afternoon,Economy,72,184.9552256292673,1,1.4666666666666666,Medium_demand,Low_supply,0.6666666666666666,0.45454545454545453,0.3666666666666665,252.77214169333192,446.7747604429642,A,184.9552256292673,1.0,1,129.4686579404871,55.486567688780184
89,16,Suburban,Regular,27,4.86,Afternoon,Economy,161,624.305615960136,1,1.5108024691358024,High_demand,Medium_supply,1.0987654320987654,0.7272727272727273,0.4108024691358023,880.7719044919079,1959.7174874944951,A,624.305615960136,3.62255494050471e-24,0,437.0139311720952,0.0
31,21,Suburban,Silver,77,4.83,Afternoon,Economy,107,389.3845083155804,1,0.8119047619047619,Low_demand,Medium_supply,0.775,0.9545454545454546,0.08809523809523812,355.08158734492207,649.9768456348799,B,649.9768456348799,9.651132656087693e-30,0,454.9837919444159,0.0
92,45,Rural,Silver,59,4.23,Morning,Premium,121,574.8939389332888,1,0.959122085048011,High_demand,High_supply,1.1358024691358024,1.1842105263157894,0.0,574.8939389332888,1150.3627718055109,B,1150.3627718055109,2.1240024145915804e-138,0,805.2539402638575,0.0
58,32,Urban,Gold,92,4.59,Afternoon,Premium,111,517.9444619823878,1,0.6645833333333333,Medium_demand,Medium_supply,0.9666666666666667,1.4545454545454546,0.23541666666666672,396.01170322403397,687.0803050936988,B,687.0803050936988,8.465730401095154e-38,0,480.95621356558917,0.0
58,20,Rural,Silver,42,3.51,Evening,Economy,125,527.1792011771714,0,1.0633333333333335,Medium_demand,Medium_supply,0.9666666666666667,0.9090909090909091,0.0,527.1792011771714,788.1329057598713,A,527.1792011771714,0.004444403618175949,0,369.02544082402,0.0
36,7,Suburban,Regular,26,4.35,Morning,Economy,59,201.49683080394215,1,1.4142857142857144,Low_demand,Low_supply,0.9,0.6363636363636364,0.3142857142857143,264.8244061994668,443.58088038410693,B,443.58088038410693,0.9999999999999998,1,310.50661626887484,133.0742641152321
66,40,Rural,Regular,93,4.86,Evening,Economy,153,627.0167510146084,0,1.0450000000000002,Medium_demand,High_supply,1.1,1.0526315789473684,0.0,627.0167510146084,1059.0312924636737,A,627.0167510146084,9.338980828816757e-25,0,438.9117257102259,0.0
76,54,Urban,Regular,58,4.05,Evening,Economy,74,218.6251778894482,0,0.891358024691358,Medium_demand,High_supply,1.2666666666666666,1.4210526315789473,0.00864197530864197,216.73582450028013,257.91563115533336,A,218.6251778894482,1.0,1,153.03762452261373,65.58755336683447
55,23,Urban,Gold,46,4.58,Afternoon,Premium,150,654.676536309137,1,0.8768115942028986,Medium_demand,Medium_supply,0.9166666666666666,1.0454545454545454,0.023188405797101463,639.4956311193598,1247.0164806827518,A,654.676536309137,9.20562801718832e-31,0,458.27357541639583,0.0
21,8,Urban,Regular,57,4.78,Night,Premium,84,293.5602166445157,0,0.721875,Low_demand,Low_supply,0.525,0.7272727272727273,0.17812499999999998,241.26980305471136,299.1745557878421,B,299.1745557878421,1.0,1,209.42218905148945,89.75236673635266
61,45,Rural,Gold,42,4.25,Afternoon,Economy,102,421.98526198279467,1,0.8585185185185186,Medium_demand,High_supply,1.0166666666666666,1.1842105263157894,0.04148148148148145,404.48068815239725,742.222062759649,B,742.222062759649,8.990501037123998e-50,0,519.5554439317543,0.0
72,62,Suburban,Regular,48,3.82,Evening,Economy,126,553.7408048680613,0,0.7354838709677419,Medium_demand,High_supply,1.2,1.631578947368421,0.1645161290322581,462.6415111639609,693.9622667459414,A,553.7408048680613,7.620246399476301e-09,0,387.6185634076429,0.0
65,18,Rural,Gold,65,4.01,Morning,Economy,111,330.62430999065225,1,1.324074074074074,Medium_demand,Medium_supply,1.0833333333333333,0.8181818181818182,0.22407407407407387,404.70864611818723,756.1981052718329,A,330.62430999065225,1.0,1,231.43701699345655,99.1872929971957
20,8,Rural,Silver,27,4.99,Morning,Economy,83,261.4451502998812,1,0.6875,Low_demand,Low_supply,0.5,0.7272727272727273,0.21250000000000002,205.88805586115646,374.20154152765195,B,374.20154152765195,1.0,1,261.94107906935636,112.26046245829559
22,7,Suburban,Silver,16,4.1,Night,Economy,147,520.0637873298249,0,0.8642857142857143,Low_demand,Low_supply,0.55,0.6363636363636364,0.0357142857142857,501.490080639474,776.0558997895861,A,520.0637873298249,0.13540998103245888,0,364.0446511308774,0.0
72,49,Suburban,Gold,15,4.34,Night,Premium,19,117.63327810103034,0,0.9306122448979591,Medium_demand,High_supply,1.2,1.2894736842105263,0.0,117.63327810103034,129.39660591113338,B,129.39660591113338,1.0,1,90.57762413779336,38.81898177334001
42,30,Urban,Regular,26,4.79,Afternoon,Economy,138,493.0149508584995,1,0.5133333333333333,Medium_demand,Medium_supply,0.7,1.3636363636363635,0.3866666666666667,302.382503193213,604.765006386426,A,493.0149508584995,0.9999914576842589,1,345.1104656009496,147.90448525754988
100,54,Suburban,Regular,91,4.59,Night,Premium,61,203.1132957396489,0,0.8687700045724737,High_demand,High_supply,1.2345679012345678,1.4210526315789473,0.031229995427526358,196.77006844242985,234.0579964122703,B,234.0579964122703,1.0,1,163.8405974885892,70.21739892368112
87,32,Suburban,Silver,38,4.76,Afternoon,Economy,114,421.7762985074602,1,0.7384259259259259,High_demand,Medium_supply,1.0740740740740742,1.4545454545454546,0.1615740740740741,353.62818360972705,670.5674431699449,A,421.7762985074602,1.0,1,295.2434089552221,126.53288955223809
36,8,Urban,Gold,47,4.07,Afternoon,Economy,77,305.0088858607341,1,1.2375,Low_demand,Low_supply,0.9,0.7272727272727273,0.13749999999999996,346.94760766658504,537.7687918832069,B,537.7687918832069,2.2399475119121814e-05,0,376.43815431824476,0.0
70,38,Urban,Silver,99,4.19,Morning,Economy,76,317.77188818101894,1,0.6754385964912281,Medium_demand,Medium_supply,1.1666666666666667,1.7272727272727273,0.22456140350877196,246.41258697545678,396.7242650304854,A,317.77188818101894,1.0,1,222.44032172671325,95.33156645430569
41,7,Urban,Gold,4,4.15,Night,Economy,83,364.9140560714328,0,1.0738095238095238,Medium_demand,Low_supply,0.6833333333333333,0.6363636363636364,0.0,364.9140560714328,419.65116448214775,B,419.65116448214775,1.0,1,293.7558151375034,125.89534934464433
59,40,Rural,Gold,64,4.72,Night,Economy,157,398.3194964103068,0,0.9341666666666667,Medium_demand,High_supply,0.9833333333333333,1.0526315789473684,0.0,398.3194964103068,628.9464848318744,B,628.9464848318744,3.558468368371831e-25,0,440.26253938231207,0.0
33,14,Urban,Regular,38,4.89,Morning,Economy,127,461.3060120664082,1,1.2964285714285715,Low_demand,Medium_supply,0.825,0.6363636363636364,0.1964285714285714,551.9196930080241,1076.243401365647,A,461.3060120664082,0.999999999998888,1,322.9142084464857,138.39180361992248
70,26,Urban,Silver,15,3.67,Night,Premium,70,358.2348071386952,0,0.9871794871794872,Medium_demand,Medium_supply,1.1666666666666667,1.1818181818181819,0.0,358.2348071386952,411.97002820949945,A,358.2348071386952,1.0,1,250.76436499708663,107.47044214160857
45,7,Rural,Regular,87,4.35,Evening,Economy,74,224.3071067625652,0,1.1785714285714286,Medium_demand,Low_supply,0.75,0.6363636363636364,0.07857142857142851,241.93123657962389,311.8493639511352,B,311.8493639511352,1.0,1,218.29455476579463,93.55480918534059
98,71,Suburban,Regular,83,4.55,Morning,Economy,139,558.3815496134125,1,0.6475395583376804,High_demand,High_supply,1.2098765432098766,1.868421052631579,0.2524604416623196,417.41229698191995,859.5562725600187,A,558.3815496134125,7.485901355927948e-10,0,390.86708472938875,0.0
75,63,Urban,Gold,42,4.55,Evening,Premium,138,660.4425622593634,0,0.753968253968254,Medium_demand,High_supply,1.25,1.6578947368421053,0.14603174603174607,563.9969817389484,789.5957744345278,B,789.5957744345278,4.6420852478453955e-60,0,552.7170421041694,0.0
100,34,Rural,Gold,33,4.75,Night,Economy,156,537.4486716625657,0,0.7988380537400145,High_demand,Medium_supply,1.2345679012345678,1.5454545454545454,0.10116194625998554,483.0793180223367,768.0961156555154,A,537.4486716625657,2.6287505456527064e-05,0,376.214070163796,0.0
76,23,Urban,Silver,53,3.94,Evening,Economy,117,480.104370355134,0,1.2115942028985507,Medium_demand,Medium_supply,1.2666666666666666,1.0454545454545454,0.1115942028985506,533.6812348730257,715.1328547298544,B,715.1328547298544,6.856945200981914e-44,0,500.59299831089805,0.0
32,12,Urban,Silver,69,3.68,Morning,Economy,55,162.28310451017555,1,1.4666666666666668,Low_demand,Medium_supply,0.8,0.5454545454545454,0.3666666666666667,221.78690949723992,334.8982333408323,B,334.8982333408323,1.0,1,234.4287633385826,100.4694700022497
35,23,Suburban,Gold,58,3.78,Afternoon,Economy,164,638.0445145215127,1,0.8369565217391305,Low_demand,Medium_supply,0.875,1.0454545454545454,0.06304347826086953,597.8199690408087,1226.5771214794793,B,1226.5771214794793,5.989895607067649e-155,0,858.6039850356354,0.0
30,16,Suburban,Gold,89,3.63,Afternoon,Economy,142,420.1110979571745,1,1.03125,Low_demand,Medium_supply,0.75,0.7272727272727273,0.0,420.1110979571745,819.9518354379154,B,819.9518354379154,1.1884426213190964e-66,0,573.9662848065408,0.0
75,56,Urban,Regular,66,3.69,Evening,Premium,22,124.49060049402551,0,0.8482142857142858,Medium_demand,High_supply,1.25,1.4736842105263157,0.05178571428571421,118.04376582558491,136.9396605434281,B,136.9396605434281,1.0,1,95.85776238039966,41.08189816302843
25,6,Rural,Regular,23,3.95,Morning,Premium,55,235.27811761739352,1,1.1458333333333335,Low_demand,Low_supply,0.625,0.5454545454545454,0.04583333333333339,246.06169800819075,430.6079715143339,B,430.6079715143339,1.0,1,301.4255800600337,129.18239145430016
88,16,Suburban,Gold,26,4.18,Morning,Economy,32,127.33149010162909,1,1.4938271604938271,High_demand,Medium_supply,1.0864197530864197,0.7272727272727273,0.39382716049382704,177.47808928980152,251.5751915682937,A,127.33149010162909,1.0,1,89.13204307114036,38.19944703048873
43,26,Rural,Silver,69,4.9,Evening,Economy,107,391.0269903920518,0,0.6064102564102564,Medium_demand,Medium_supply,0.7166666666666667,1.1818181818181819,0.29358974358974366,276.2254765461802,430.129689431257,A,391.0269903920518,1.0,1,273.71889327443625,117.30809711761555
39,20,Rural,Silver,97,4.25,Morning,Economy,121,319.5430197104816,1,1.0725,Low_demand,Medium_supply,0.975,0.9090909090909091,0.0,319.5430197104816,639.4055824406737,A,319.5430197104816,1.0,1,223.6801137973371,95.86290591314449
77,63,Suburban,Gold,72,4.56,Morning,Economy,113,380.2853707615285,1,0.7740740740740741,Medium_demand,High_supply,1.2833333333333334,1.6578947368421053,0.12592592592592589,332.397583332299,598.8973457689698,B,598.8973457689698,1.192204481933847e-18,0,419.2281420382788,0.0
41,14,Suburban,Silver,59,4.72,Morning,Premium,49,179.62342246641472,1,1.0738095238095238,Medium_demand,Medium_supply,0.6833333333333333,0.6363636363636364,0.0,179.62342246641472,274.91364808484775,B,274.91364808484775,1.0,1,192.43955365939343,82.47409442545433
51,20,Rural,Silver,97,4.8,Morning,Economy,130,452.112640122952,1,0.935,Medium_demand,Medium_supply,0.85,0.9090909090909091,0.0,452.112640122952,927.2830248921746,B,927.2830248921746,5.865520547954261e-90,0,649.0981174245221,0.0
30,10,Suburban,Gold,86,4.95,Evening,Economy,149,565.6691466337952,0,0.8250000000000001,Low_demand,Low_supply,0.75,0.9090909090909091,0.07499999999999996,523.2439606362606,776.7556595645287,B,776.7556595645287,2.850418507297637e-57,0,543.72896169517,0.0
29,8,Urban,Gold,52,4.68,Afternoon,Premium,121,402.1558775823215,1,0.996875,Low_demand,Low_supply,0.725,0.7272727272727273,0.0,402.1558775823215,717.848241484444,A,402.1558775823215,1.0,1,281.50911430762505,120.64676327469647
21,5,Rural,Gold,8,4.44,Afternoon,Premium,159,689.8421599513094,1,1.155,Low_demand,Low_supply,0.525,0.45454545454545453,0.05499999999999994,727.7834787486314,1517.4285531908968,A,689.8421599513094,2.1278218862131754e-38,0,482.8895119659166,0.0
50,15,Suburban,Regular,62,4.51,Night,Economy,83,307.6469280930268,0,1.2222222222222223,Medium_demand,Medium_supply,0.8333333333333334,0.6818181818181818,0.12222222222222223,345.24821930439674,445.1975787930196,B,445.1975787930196,0.9999999999999996,1,311.6383051551137,133.5592736379059
61,42,Rural,Gold,11,3.72,Night,Economy,52,186.5262770863605,0,0.9198412698412697,Medium_demand,High_supply,1.0166666666666666,1.105263157894737,0.0,186.5262770863605,203.31364202413297,A,186.5262770863605,1.0,1,130.56839396045234,55.957883125908154
67,5,Suburban,Silver,81,4.53,Morning,Premium,14,91.06777716361007,1,2.456666666666667,Medium_demand,Low_supply,1.1166666666666667,0.45454545454545453,1.356666666666667,214.61639484890776,317.7395725738079,A,91.06777716361007,1.0,1,63.74744401452705,27.320333149083027
73,22,Suburban,Regular,26,4.99,Night,Economy,33,143.8549860520897,0,1.2166666666666666,Medium_demand,Medium_supply,1.2166666666666666,1.0,0.11666666666666647,160.6380677581668,168.66997114607517,B,168.66997114607517,1.0,1,118.06897980225261,50.60099134382256
35,18,Urban,Gold,27,3.82,Morning,Economy,158,553.837359075948,1,1.0694444444444444,Low_demand,Medium_supply,0.875,0.8181818181818182,0.0,553.837359075948,1079.9828501980987,A,553.837359075948,7.261101953017435e-09,0,387.6861513531636,0.0
96,58,Urban,Silver,25,3.61,Morning,Economy,85,336.56848365859423,1,0.776500638569604,High_demand,High_supply,1.1851851851851851,1.5263157894736843,0.12349936143039597,295.0024908491612,494.1291721723449,B,494.1291721723449,0.9999850884448965,1,345.89042052064144,148.23875165170347
38,28,Urban,Gold,8,4.83,Morning,Economy,29,95.02020685904614,1,0.7464285714285714,Low_demand,Medium_supply,0.95,1.2727272727272727,0.15357142857142858,80.42781794854977,108.5775542305422,A,95.02020685904614,1.0,1,66.5141448013323,28.506062057713848
75,28,Urban,Gold,6,4.02,Evening,Premium,171,575.0117219060105,0,0.9821428571428572,Medium_demand,Medium_supply,1.25,1.2727272727272727,0.0,575.0117219060105,920.0187550496169,B,920.0187550496169,2.2167806116649133e-88,0,644.0131285347318,0.0
57,26,Suburban,Silver,92,4.11,Afternoon,Premium,58,264.675747588135,1,0.8038461538461538,Medium_demand,Medium_supply,0.95,1.1818181818181819,0.09615384615384626,239.2261564738912,378.09694030698506,B,378.09694030698506,1.0,1,264.6678582148895,113.42908209209554
36,10,Rural,Gold,65,3.54,Night,Economy,53,185.61792391524813,0,0.9900000000000001,Low_demand,Low_supply,0.9,0.9090909090909091,0.0,185.61792391524813,200.28173990455275,B,200.28173990455275,1.0,1,140.19721793318692,60.08452197136583
73,27,Rural,Gold,98,3.97,Evening,Economy,57,251.1556502722435,0,0.9913580246913579,Medium_demand,Medium_supply,1.2166666666666666,1.2272727272727273,0.0,251.1556502722435,270.99694664375073,B,270.99694664375073,1.0,1,189.6978626506255,81.29908399312524
68,29,Rural,Gold,51,3.99,Evening,Economy,110,299.689056274687,0,0.8597701149425288,Medium_demand,Medium_supply,1.1333333333333333,1.3181818181818181,0.04022988505747127,287.6325999877743,396.64535538314084,A,299.689056274687,1.0,1,209.7823393922809,89.9067168824061
25,9,Rural,Gold,11,3.58,Night,Economy,31,92.65681121424488,0,0.7638888888888888,Low_demand,Low_supply,0.625,0.8181818181818182,0.13611111111111118,80.04518968786155,101.92249233566938,B,101.92249233566938,1.0,1,71.34574463496855,30.57674770070082
97,25,Urban,Regular,95,4.91,Night,Premium,101,332.2293764400841,0,1.053827160493827,High_demand,Medium_supply,1.1975308641975309,1.1363636363636365,0.0,332.2293764400841,445.18736442971266,B,445.18736442971266,0.9999999999999996,1,311.6311551007988,133.55620932891384
30,7,Rural,Regular,85,3.74,Evening,Economy,44,184.11208970364285,0,1.1785714285714286,Low_demand,Low_supply,0.75,0.6363636363636364,0.07857142857142851,198.57803960892906,226.1803871145702,B,226.1803871145702,1.0,1,158.32627098019913,67.85411613437108
83,7,Suburban,Gold,24,4.9,Morning,Premium,24,124.5817744544144,1,1.6102292768959439,High_demand,Low_supply,1.0246913580246915,0.6363636363636364,0.5102292768959438,188.14704314870383,266.6984336632877,A,124.5817744544144,1.0,1,87.20724211809008,37.37453233632432
27,5,Rural,Gold,2,4.3,Evening,Economy,22,60.98181721983856,0,1.485,Low_demand,Low_supply,0.675,0.45454545454545453,0.385,84.45981684947641,83.61521868098166,B,83.61521868098166,1.0,1,58.53065307668715,25.084565604294504
58,21,Suburban,Gold,72,4.14,Afternoon,Economy,10,35.88598786056829,1,1.0126984126984127,Medium_demand,Medium_supply,0.9666666666666667,0.9545454545454546,0.0,35.88598786056829,50.30318348355161,A,35.88598786056829,1.0,1,25.1201915023978,10.76579635817049
32,15,Urban,Gold,67,3.76,Evening,Premium,23,132.12301879164062,0,1.1733333333333336,Low_demand,Medium_supply,0.8,0.6818181818181818,0.07333333333333347,141.81204016969428,145.3353206708047,B,145.3353206708047,1.0,1,101.73472446956328,43.600596201241416
76,8,Urban,Gold,40,4.68,Afternoon,Economy,157,561.5796822292014,1,1.7416666666666665,Medium_demand,Low_supply,1.2666666666666666,0.7272727272727273,0.6416666666666664,921.9266449929387,1797.7569577362306,A,561.5796822292014,1.5127892388805994e-10,0,393.1057775604409,0.0
21,9,Suburban,Regular,38,4.54,Morning,Economy,179,546.3787898746884,1,0.6416666666666666,Low_demand,Low_supply,0.525,0.8181818181818182,0.2583333333333334,405.23093582372724,921.9003789989795,A,546.3787898746884,3.02419736068331e-07,0,382.4651529122819,0.0
47,37,Urban,Gold,53,4.69,Night,Economy,41,147.4597413359118,0,0.4657657657657657,Medium_demand,Medium_supply,0.7833333333333333,1.6818181818181819,0.4342342342342343,83.42767347653387,162.205715469503,B,162.205715469503,1.0,1,113.54400082865209,48.6617146408509
33,20,Suburban,Regular,97,4.13,Morning,Premium,169,668.8922140357987,1,0.9075,Low_demand,Medium_supply,0.825,0.9090909090909091,0.0,668.8922140357987,1477.7501238585883,A,668.8922140357987,7.536300815946487e-34,0,468.22454982505906,0.0
92,66,Rural,Silver,26,3.56,Evening,Economy,19,62.06928479024478,0,0.6539468761690983,High_demand,High_supply,1.1358024691358024,1.736842105263158,0.24605312383090172,46.796943373655175,68.27621326926926,B,68.27621326926926,1.0,1,47.79334928848848,20.482863980780785
24,7,Rural,Silver,34,3.51,Afternoon,Premium,111,477.7411361723483,1,0.9428571428571428,Low_demand,Low_supply,0.6,0.6363636363636364,0.0,477.7411361723483,939.9556854190954,B,939.9556854190954,1.0386597245884175e-92,0,657.9689797933668,0.0
75,9,Rural,Gold,71,4.06,Night,Economy,150,411.0057654245888,0,1.5277777777777777,Medium_demand,Low_supply,1.25,0.8181818181818182,0.4277777777777776,586.8248984117739,926.5965145921912,B,926.5965145921912,8.267617542067803e-90,0,648.6175602145338,0.0
89,76,Urban,Gold,35,4.8,Night,Premium,177,650.2985711974341,0,0.5493827160493827,High_demand,High_supply,1.0987654320987654,2.0,0.3506172839506173,422.2926524072226,675.6682438515561,A,650.2985711974341,8.217060164476604e-30,0,455.2089998382038,0.0
67,20,Urban,Regular,42,4.13,Evening,Economy,68,243.22861759627588,0,1.2283333333333335,Medium_demand,Medium_supply,1.1166666666666667,0.9090909090909091,0.1283333333333334,274.4429568544646,315.6094003826343,A,243.22861759627588,1.0,1,170.2600323173931,72.96858527888278
61,23,Suburban,Silver,51,4.73,Evening,Premium,150,680.9330686248741,0,0.972463768115942,Medium_demand,Medium_supply,1.0166666666666666,1.0454545454545454,0.0,680.9330686248741,1080.640779907675,B,1080.640779907675,2.931522152776882e-123,0,756.4485459353725,0.0
80,67,Rural,Regular,80,4.74,Night,Economy,147,432.30725774113824,0,0.7562189054726368,Medium_demand,High_supply,1.3333333333333333,1.763157894736842,0.1437810945273632,370.1496470509945,606.67527151658,B,606.67527151658,2.4400326280332124e-20,0,424.672690061606,0.0
66,15,Suburban,Gold,62,4.59,Night,Economy,161,720.729944900258,0,1.6133333333333335,Medium_demand,Medium_supply,1.1,0.6818181818181818,0.5133333333333334,1090.7046499490573,1728.2215178442816,A,720.729944900258,4.1757836628802564e-45,0,504.5109614301806,0.0
39,12,Suburban,Regular,54,3.77,Morning,Premium,176,510.4543750320455,1,1.7875,Low_demand,Medium_supply,0.975,0.5454545454545454,0.6875,861.3917578665768,1946.0993289600635,B,1946.0993289600635,0.0,0,1362.2695302720444,0.0
46,22,Urban,Regular,9,4.33,Morning,Economy,128,522.7974318549136,1,0.7666666666666667,Medium_demand,Medium_supply,0.7666666666666667,1.0,0.1333333333333333,453.0911076075918,883.5276598348041,B,883.5276598348041,1.860644311719164e-80,0,618.4693618843628,0.0
89,74,Rural,Silver,41,4.89,Morning,Premium,115,432.16279228896633,1,0.5642308975642308,High_demand,High_supply,1.0987654320987654,1.9473684210526316,0.3357691024357692,287.05587941596434,564.7824427509098,B,564.7824427509098,3.0500560186423554e-11,0,395.3477099256368,0.0
60,16,Urban,Gold,56,4.33,Night,Premium,126,382.4570671338528,0,1.375,Medium_demand,Medium_supply,1.0,0.7272727272727273,0.2749999999999999,487.63276059566226,653.4278991981874,A,382.4570671338528,1.0,1,267.7199469936969,114.73712014015587
58,13,Rural,Regular,99,3.62,Morning,Premium,106,351.43931589566165,1,1.6358974358974359,Medium_demand,Medium_supply,0.9666666666666667,0.5909090909090909,0.5358974358974358,539.7747441576956,1070.6432050367894,A,351.43931589566165,1.0,1,246.00752112696313,105.43179476869852
68,16,Urban,Silver,93,4.44,Morning,Premium,154,510.19578633034166,1,1.5583333333333333,Medium_demand,Medium_supply,1.1333333333333333,0.7272727272727273,0.45833333333333326,744.0355217317482,1495.5113986808137,A,510.19578633034166,0.9560623750998457,1,357.1370504312391,153.05873589910254
45,19,Suburban,Silver,71,3.72,Night,Economy,121,313.92644056486665,0,0.868421052631579,Medium_demand,Medium_supply,0.75,0.8636363636363636,0.03157894736842104,304.012974020713,436.86664366776455,B,436.86664366776455,1.0,1,305.80665056743516,131.0599931003294
91,61,Suburban,Gold,100,4.88,Night,Economy,101,372.2298219510593,0,0.6998583282736288,High_demand,High_supply,1.123456790123457,1.605263157894737,0.2001416717263712,297.7311231193648,379.30945085407075,B,379.30945085407075,1.0,1,265.5166155978495,113.79283525622122
39,12,Urban,Regular,70,4.02,Morning,Premium,66,314.46800852423786,1,1.7875,Low_demand,Medium_supply,0.975,0.5454545454545454,0.6875,530.6647643846513,867.636889768905,B,867.636889768905,5.2517039500476954e-77,0,607.3458228382335,0.0
97,9,Rural,Gold,58,4.32,Evening,Premium,142,491.5779538643877,0,1.4636488340192042,High_demand,Low_supply,1.1975308641975309,0.8181818181818182,0.3636488340192041,670.3397036167185,1024.9494068299628,A,491.5779538643877,0.9999958357423847,1,344.10456770507136,147.47338615931636
42,18,Suburban,Silver,39,3.94,Afternoon,Economy,128,527.1558943563921,1,0.8555555555555554,Medium_demand,Medium_supply,0.7,0.8181818181818182,0.04444444444444462,503.7267434961079,980.3781745292998,B,980.3781745292998,1.7331705820127928e-101,0,686.2647221705098,0.0
27,15,Urban,Gold,11,3.77,Evening,Economy,111,432.849396942834,0,0.9900000000000001,Low_demand,Medium_supply,0.675,0.6818181818181818,0.0,432.849396942834,562.7042160256842,B,562.7042160256842,8.621622739286459e-11,0,393.8929512179789,0.0
67,48,Rural,Regular,94,4.3,Evening,Premium,168,544.6027807887253,0,0.8840277777777779,Medium_demand,High_supply,1.1166666666666667,1.263157894736842,0.015972222222222165,535.9042641511277,931.9375153588112,B,931.9375153588112,5.722644895405695e-91,0,652.3562607511678,0.0
69,51,Urban,Regular,75,3.57,Night,Premium,136,470.18271352951473,0,0.8568627450980392,Medium_demand,High_supply,1.15,1.3421052631578947,0.04313725490196085,449.9003219654964,670.3514797285897,B,670.3514797285897,3.6331447925878926e-34,0,469.2460358100127,0.0
69,47,Urban,Regular,65,4.22,Night,Economy,18,53.5391040086766,0,0.929787234042553,Medium_demand,High_supply,1.15,1.236842105263158,0.0,53.5391040086766,58.893014409544264,A,53.5391040086766,1.0,1,37.47737280607362,16.061731202602985
93,18,Suburban,Gold,34,3.54,Afternoon,Economy,80,352.0685727015968,1,1.4032921810699588,High_demand,Medium_supply,1.1481481481481481,0.8181818181818182,0.3032921810699587,458.8482180024514,765.1294035190879,A,352.0685727015968,1.0,1,246.44800089111774,105.62057181047905
84,74,Suburban,Regular,7,4.4,Afternoon,Premium,101,396.3698341114785,1,0.5325325325325325,High_demand,High_supply,1.037037037037037,1.9473684210526316,0.3674674674674675,250.71681499003327,482.62986885581404,B,482.62986885581404,0.9999999525225478,1,337.8409081990698,144.78896065674422
96,48,Urban,Gold,41,4.39,Morning,Economy,130,367.7829980600229,1,0.9382716049382716,High_demand,High_supply,1.1851851851851851,1.263157894736842,0.0,367.7829980600229,680.3985464110424,A,367.7829980600229,1.0,1,257.448098642016,110.3348994180069
30,13,Suburban,Gold,72,4.18,Night,Premium,113,352.9356730761453,0,1.2692307692307692,Low_demand,Medium_supply,0.75,0.5909090909090909,0.16923076923076907,412.6632485198006,550.699105149674,A,352.9356730761453,1.0,1,247.0549711533017,105.8807019228436
60,48,Suburban,Regular,15,4.06,Morning,Economy,78,339.1055825696459,1,0.7916666666666667,Medium_demand,High_supply,1.0,1.263157894736842,0.10833333333333328,302.3691444579343,536.7052314128334,B,536.7052314128334,3.8122400088046506e-05,0,375.69366198898337,0.0
72,39,Urban,Regular,39,3.77,Night,Premium,115,347.8959667426787,0,1.169230769230769,Medium_demand,High_supply,1.2,1.0263157894736843,0.06923076923076898,371.9810721325564,520.773500985579,B,520.773500985579,0.09896256274341873,0,364.5414506899052,0.0
31,13,Suburban,Regular,82,4.63,Morning,Economy,108,469.2509135918648,1,1.3115384615384615,Low_demand,Medium_supply,0.775,0.5909090909090909,0.21153846153846145,568.5155299286054,1085.4382755161898,A,469.2509135918648,0.9999999999409412,1,328.4756395143053,140.77527407755946
71,13,Rural,Silver,60,4.3,Night,Premium,62,213.8430201203033,0,2.0025641025641026,Medium_demand,Medium_supply,1.1833333333333333,0.5909090909090909,0.9025641025641025,406.85005366478214,481.7104635391021,B,481.7104635391021,0.9999999700193472,1,337.1973244773714,144.51313906173067
91,61,Rural,Silver,86,4.44,Morning,Premium,129,567.5392184514062,1,0.6998583282736288,High_demand,High_supply,1.123456790123457,1.605263157894737,0.2001416717263712,453.9509705002636,908.3558919710276,A,567.5392184514062,7.685667263696425e-12,0,397.2774529159843,0.0
91,60,Rural,Gold,2,3.53,Evening,Premium,107,492.179013222281,0,0.711522633744856,High_demand,High_supply,1.123456790123457,1.5789473684210527,0.188477366255144,399.4144090840898,535.2153081726804,B,535.2153081726804,8.02961345379633e-05,0,374.65071572087624,0.0
32,6,Urban,Silver,13,4.75,Afternoon,Economy,53,173.88747446193491,1,1.4666666666666668,Low_demand,Low_supply,0.8,0.5454545454545454,0.3666666666666667,237.64621509797772,362.410478024416,A,173.88747446193491,1.0,1,121.72123212335443,52.16624233858049
23,10,Suburban,Gold,47,4.84,Evening,Economy,125,418.10682439062094,0,0.6325,Low_demand,Low_supply,0.575,0.9090909090909091,0.26750000000000007,306.2632488661298,427.2372321682511,B,427.2372321682511,1.0,1,299.0660625177758,128.17116965047535
61,47,Suburban,Silver,100,4.58,Night,Premium,157,658.3040013013618,0,0.8219858156028368,Medium_demand,High_supply,1.0166666666666666,1.236842105263158,0.07801418439716323,606.946951554447,956.8518691255856,A,658.3040013013618,1.5009264366710353e-31,0,460.81280091095323,0.0
57,40,Urban,Regular,78,3.62,Afternoon,Economy,171,764.5953413909641,1,0.9025,Medium_demand,High_supply,0.95,1.0526315789473684,0.0,764.5953413909641,1670.6408209392566,A,764.5953413909641,1.2459142975859907e-54,0,535.2167389736749,0.0
89,70,Suburban,Gold,86,4.51,Afternoon,Economy,90,384.2092919756728,1,0.5964726631393298,High_demand,High_supply,1.0987654320987654,1.8421052631578947,0.30352733686067024,267.59126878517316,455.37344165516845,A,384.2092919756728,1.0,1,268.94650438297094,115.26278759270184
64,45,Rural,Gold,22,3.96,Night,Premium,118,404.6018875393623,0,0.9007407407407408,Medium_demand,High_supply,1.0666666666666667,1.1842105263157894,0.0,404.6018875393623,562.3966236797136,B,562.3966236797136,1.0054994666046059e-10,0,393.67763657579945,0.0
91,29,Urban,Regular,82,3.73,Afternoon,Premium,90,446.81702579708536,1,0.8522775649212432,High_demand,Medium_supply,1.123456790123457,1.3181818181818181,0.04772243507875684,425.49382929140074,759.5064852851503,A,446.81702579708536,0.9999999999999991,1,312.77191805795974,134.04510773912563
91,53,Suburban,Gold,67,4.56,Night,Economy,50,158.1067231747087,0,0.8054973212205918,High_demand,High_supply,1.123456790123457,1.394736842105263,0.09450267877940821,143.16521430166438,173.91739549217957,A,158.1067231747087,1.0,1,110.67470622229608,47.43201695241261
69,37,Suburban,Regular,47,4.39,Evening,Premium,60,284.2362895344896,0,0.6837837837837837,Medium_demand,Medium_supply,1.15,1.6818181818181819,0.21621621621621634,222.7797945000053,312.65991848793857,B,312.65991848793857,1.0,1,218.86194294155698,93.7979755463816
71,61,Suburban,Regular,79,3.85,Afternoon,Economy,147,591.2989763287625,1,0.7371584699453552,Medium_demand,High_supply,1.1833333333333333,1.605263157894737,0.16284153005464486,495.01094630364156,1044.101838490956,B,1044.101838490956,2.5201332033707034e-115,0,730.8712869436691,0.0
38,7,Rural,Silver,28,3.85,Evening,Economy,12,36.00027803358747,0,1.4928571428571429,Low_demand,Low_supply,0.95,0.6363636363636364,0.3928571428571428,50.1432444039254,52.399690402102046,A,36.00027803358747,1.0,1,25.200194623511226,10.800083410076244
100,32,Suburban,Regular,67,3.94,Evening,Premium,162,581.1370845965885,0,0.8487654320987653,High_demand,Medium_supply,1.2345679012345678,1.4545454545454546,0.05123456790123471,551.3627771758989,931.5274120386814,A,581.1370845965885,8.569243077691398e-15,0,406.7959592176119,0.0
65,51,Suburban,Gold,97,4.81,Night,Premium,144,588.1367698544636,0,0.8071895424836601,Medium_demand,High_supply,1.0833333333333333,1.3421052631578947,0.09281045751633987,533.5515271620886,792.0572420721206,B,792.0572420721206,1.3558517482633687e-60,0,554.4400694504844,0.0
73,38,Urban,Regular,91,4.23,Evening,Premium,86,400.2673330229722,0,0.7043859649122807,Medium_demand,Medium_supply,1.2166666666666666,1.7272727272727273,0.19561403508771935,321.9694248965487,440.29406632526945,B,440.29406632526945,1.0,1,308.2058464276886,132.08821989758087
56,25,Suburban,Regular,87,3.73,Evening,Premium,172,575.4102708388258,0,0.8213333333333332,Medium_demand,Medium_supply,0.9333333333333333,1.1363636363636365,0.07866666666666677,530.1446628661714,922.1866410557052,B,922.1866410557052,7.498462941360392e-89,0,645.5306487389936,0.0
75,55,Rural,Silver,80,4.7,Morning,Economy,69,190.9788526811355,1,0.8636363636363636,Medium_demand,High_supply,1.25,1.4473684210526316,0.036363636363636376,184.0341671290942,313.04211828658924,B,313.04211828658924,1.0,1,219.12948280061246,93.91263548597678
97,21,Urban,Regular,43,3.79,Afternoon,Premium,106,398.1593839328215,1,1.2545561434450323,High_demand,Medium_supply,1.1975308641975309,0.9545454545454546,0.1545561434450322,459.6973627899283,850.4401211613674,B,850.4401211613674,2.847941685237924e-73,0,595.3080848129572,0.0
94,71,Rural,Regular,48,4.73,Night,Premium,169,770.8733244527833,0,0.6211093722830812,High_demand,High_supply,1.1604938271604939,1.868421052631579,0.27889062771691886,555.8839791059186,972.7969634353576,A,770.8733244527833,5.398106754325286e-56,0,539.6113271169482,0.0
53,22,Urban,Silver,28,4.99,Afternoon,Premium,64,211.0820229741896,1,0.8833333333333333,Medium_demand,Medium_supply,0.8833333333333333,1.0,0.01666666666666672,207.5639892579531,326.9132830812761,B,326.9132830812761,1.0,1,228.83929815689328,98.07398492438284
81,8,Rural,Silver,78,4.8,Afternoon,Premium,141,618.4288567281086,1,1.8562500000000002,Medium_demand,Low_supply,1.35,0.7272727272727273,0.7562500000000001,1086.1156796287407,2281.929042899984,A,618.4288567281086,6.841274772910972e-23,0,432.900199709676,0.0
47,34,Rural,Silver,87,3.53,Morning,Premium,170,739.2271199769044,1,0.5068627450980392,Medium_demand,Medium_supply,0.7833333333333333,1.5454545454545454,0.39313725490196083,448.60939928010174,1009.819757779509,A,739.2271199769044,4.01908746467436e-49,0,517.458983983833,0.0
80,48,Suburban,Regular,13,4.44,Night,Economy,35,128.7410738814351,0,1.0555555555555556,Medium_demand,High_supply,1.3333333333333333,1.263157894736842,0.0,128.7410738814351,135.17812757550686,A,128.7410738814351,1.0,1,90.11875171700457,38.62232216443054
75,55,Rural,Gold,54,4.73,Night,Premium,145,584.4917299915722,0,0.8636363636363636,Medium_demand,High_supply,1.25,1.4473684210526316,0.036363636363636376,563.237485264606,861.1901149695827,B,861.1901149695827,1.3188627332685664e-75,0,602.8330804787079,0.0
89,12,Urban,Silver,42,4.73,Afternoon,Economy,102,328.31398217312767,1,2.01440329218107,High_demand,Medium_supply,1.0987654320987654,0.5454545454545454,0.9144032921810701,628.5253683413127,1115.6325288058301,A,328.31398217312767,1.0,1,229.81978752118934,98.49419465193833
30,13,Rural,Gold,8,4.1,Afternoon,Economy,94,274.6803754439265,1,1.2692307692307692,Low_demand,Medium_supply,0.75,0.5909090909090909,0.16923076923076907,321.1647466728986,573.279072811124,A,274.6803754439265,1.0,1,192.27626281074853,82.40411263317796
64,5,Rural,Gold,91,4.34,Evening,Premium,21,108.2430435427408,0,2.3466666666666667,Medium_demand,Low_supply,1.0666666666666667,0.45454545454545453,1.2466666666666666,243.18603782602435,238.07913103167786,B,238.07913103167786,1.0,1,166.6553917221745,71.42373930950336
55,29,Suburban,Gold,92,4.85,Morning,Economy,44,181.78093960037765,1,0.6954022988505747,Medium_demand,Medium_supply,0.9166666666666666,1.3181818181818181,0.20459770114942533,144.58897724535785,209.90704771594832,A,181.78093960037765,1.0,1,127.24665772026435,54.5342818801133
94,76,Suburban,Gold,26,4.7,Morning,Premium,94,405.317954516569,1,0.5802469135802469,High_demand,High_supply,1.1604938271604939,2.0,0.3197530864197531,275.71628757855495,473.5427239161682,A,405.317954516569,1.0,1,283.72256816159825,121.59538635497074
53,28,Urban,Gold,6,3.67,Evening,Economy,178,775.7916851510323,0,0.694047619047619,Medium_demand,Medium_supply,0.8833333333333333,1.2727272727272727,0.205952380952381,616.0155404711173,985.6248647537877,B,985.6248647537877,1.2575839978655947e-102,0,689.9374053276514,0.0
29,7,Suburban,Regular,68,3.98,Morning,Economy,114,289.1296809487768,1,1.1392857142857142,Low_demand,Low_supply,0.725,0.6363636363636364,0.039285714285714146,300.48834698605015,588.7317938324188,A,289.1296809487768,1.0,1,202.39077666414374,86.73890428463307
29,17,Urban,Silver,76,3.61,Morning,Economy,166,674.132847635612,1,0.9382352941176471,Low_demand,Medium_supply,0.725,0.7727272727272727,0.0,674.132847635612,1388.7136661293607,A,674.132847635612,5.484904852683405e-35,0,471.8929933449284,0.0
75,42,Suburban,Silver,38,4.25,Afternoon,Economy,146,479.11995337350106,1,1.130952380952381,Medium_demand,High_supply,1.25,1.105263157894737,0.030952380952380842,493.9498566922046,1010.7448942564235,A,479.11995337350106,0.9999999917904575,1,335.38396736145074,143.73598601205032
74,53,Suburban,Regular,60,3.93,Night,Economy,162,676.4404324115253,0,0.8842767295597486,Medium_demand,High_supply,1.2333333333333334,1.394736842105263,0.015723270440251458,665.8045765559982,1124.876832091359,B,1124.876832091359,7.267022387217388e-133,0,787.4137824639512,0.0
89,75,Urban,Silver,10,4.91,Evening,Economy,16,54.44953818628992,0,0.5567078189300412,High_demand,High_supply,1.0987654320987654,1.9736842105263157,0.34329218106995885,35.75743746406644,59.89449200491892,B,59.89449200491892,1.0,1,41.92614440344324,17.968347601475678
29,13,Suburban,Gold,44,4.29,Evening,Premium,87,267.7404170012178,0,1.2269230769230768,Low_demand,Medium_supply,0.725,0.5909090909090909,0.1269230769230767,301.72285454368,360.5588111796976,B,360.5588111796976,1.0,1,252.3911678257883,108.16764335390931
40,20,Rural,Silver,45,4.42,Evening,Premium,130,445.4842486108808,0,0.7333333333333333,Medium_demand,Medium_supply,0.6666666666666666,0.9090909090909091,0.16666666666666674,371.23687384240066,573.5609700865091,A,445.4842486108808,0.9999999999999996,1,311.83897402761653,133.64527458326427
79,11,Urban,Regular,1,4.35,Night,Premium,45,210.25675967194184,0,2.6333333333333333,Medium_demand,Medium_supply,1.3166666666666667,0.5,1.5333333333333332,532.6504578355859,559.2829807273653,A,210.25675967194184,1.0,1,147.17973177035927,63.07702790158257
98,87,Urban,Gold,87,4.28,Afternoon,Premium,170,603.8458024755097,1,0.5284518234709806,High_demand,High_supply,1.2098765432098766,2.289473684210526,0.3715481765290194,379.4879956610316,772.2580711701994,B,772.2580711701994,2.701142771950764e-56,0,540.5806498191396,0.0
95,76,Urban,Regular,74,4.39,Night,Economy,118,464.9915827255092,0,0.5864197530864198,High_demand,High_supply,1.1728395061728396,2.0,0.3135802469135802,319.1794074017076,511.4907409980602,A,464.9915827255092,0.9999999999929792,1,325.4941079078564,139.4974748176528
79,13,Rural,Gold,67,4.05,Evening,Premium,151,514.9363491532515,0,2.2282051282051283,Medium_demand,Medium_supply,1.3166666666666667,0.5909090909090909,1.1282051282051282,1095.8901789671763,1730.4105925891715,A,514.9363491532515,0.6703504982355646,0,360.45544440727605,0.0
38,22,Suburban,Regular,18,4.17,Night,Premium,121,450.5387531372676,0,0.95,Low_demand,Medium_supply,0.95,1.0,0.0,450.5387531372676,675.8081297059014,B,675.8081297059014,2.3734835104062797e-35,0,473.06569079413094,0.0
83,41,Suburban,Silver,48,3.64,Evening,Economy,176,741.3443926126964,0,0.9497139415838604,High_demand,High_supply,1.0246913580246915,1.0789473684210527,0.0,741.3443926126964,1258.4321064600522,B,1258.4321064600522,7.247649031622382e-162,0,880.9024745220365,0.0
59,24,Suburban,Regular,40,4.0,Afternoon,Premium,147,631.6312970255759,1,0.9013888888888889,Medium_demand,Medium_supply,0.9833333333333333,1.0909090909090908,0.0,631.6312970255759,1342.216506179349,A,631.6312970255759,9.29530296294531e-26,0,442.1419079179031,0.0
51,11,Suburban,Regular,72,3.62,Afternoon,Economy,16,71.21364105240121,1,1.7,Medium_demand,Medium_supply,0.85,0.5,0.5999999999999999,113.94182568384194,177.66379169753054,A,71.21364105240121,1.0,1,49.849548736680845,21.36409231572037
64,46,Rural,Silver,51,5.0,Evening,Premium,29,144.60138253530263,0,0.881159420289855,Medium_demand,High_supply,1.0666666666666667,1.2105263157894737,0.018840579710144967,141.8770086614491,146.70082695593837,A,144.60138253530263,1.0,1,101.22096777471184,43.380414760590796
30,6,Rural,Regular,93,3.81,Evening,Economy,129,505.92196882791006,0,1.375,Low_demand,Low_supply,0.75,0.5454545454545454,0.2749999999999999,645.0505102555853,992.7327352833458,B,992.7327352833458,3.598177040164103e-104,0,694.9129146983421,0.0
60,15,Suburban,Regular,95,4.84,Afternoon,Economy,180,726.3339146351499,1,1.4666666666666668,Medium_demand,Medium_supply,1.0,0.6818181818181818,0.3666666666666667,992.6563500013715,2292.291676240667,B,2292.291676240667,0.0,0,1604.604173368467,0.0
75,51,Rural,Regular,17,4.83,Afternoon,Premium,79,283.4132787585248,1,0.9313725490196079,Medium_demand,High_supply,1.25,1.3421052631578947,0.0,283.4132787585248,524.314565703271,B,524.314565703271,0.018354823010036207,0,367.0201959922897,0.0
25,15,Suburban,Regular,88,4.68,Afternoon,Premium,31,148.18648820169864,1,0.9166666666666667,Low_demand,Medium_supply,0.625,0.6818181818181818,0.0,148.18648820169864,231.0597817284986,B,231.0597817284986,1.0,1,161.74184720994901,69.31793451854958
46,31,Suburban,Gold,67,3.53,Morning,Economy,61,158.59209307103367,1,0.5440860215053763,Medium_demand,Medium_supply,0.7666666666666667,1.4090909090909092,0.3559139784946237,102.14695026833243,174.45130237813706,A,158.59209307103367,1.0,1,111.01446514972356,47.57762792131011
48,11,Urban,Regular,86,3.55,Night,Economy,15,57.89462608061131,0,1.6,Medium_demand,Medium_supply,0.8,0.5,0.5,86.84193912091696,85.97351972970779,B,85.97351972970779,1.0,1,60.18146381079545,25.79205591891234
51,6,Rural,Gold,64,4.57,Morning,Economy,34,142.5577269374603,1,1.5583333333333333,Medium_demand,Low_supply,0.85,0.5454545454545454,0.45833333333333326,207.8966851171296,305.2962820945048,B,305.2962820945048,1.0,1,213.70739746615337,91.58888462835145
68,23,Suburban,Gold,96,4.77,Morning,Economy,105,359.128113102171,1,1.0840579710144929,Medium_demand,Medium_supply,1.1333333333333333,1.0454545454545454,0.0,359.128113102171,629.1026721267281,B,629.1026721267281,3.291148431710522e-25,0,440.37187048870965,0.0
89,8,Suburban,Silver,18,3.83,Morning,Economy,121,407.5520587692045,1,1.5108024691358024,High_demand,Low_supply,1.0987654320987654,0.7272727272727273,0.4108024691358023,574.9754508129733,1119.0459711447495,B,1119.0459711447495,1.3412565783806324e-131,0,783.3321798013246,0.0
84,55,Suburban,Regular,1,4.47,Afternoon,Economy,146,487.3991192361553,1,0.7164983164983164,High_demand,High_supply,1.037037037037037,1.4473684210526316,0.1835016835016836,397.96056031908296,845.6661906780514,B,845.6661906780514,3.0986814004702743e-72,0,591.9663334746359,0.0
50,8,Rural,Regular,25,3.8,Evening,Premium,13,89.61312852216915,0,1.1458333333333333,Medium_demand,Low_supply,0.8333333333333334,0.7272727272727273,0.04583333333333317,93.72039691276855,103.09243660404542,A,89.61312852216915,1.0,1,62.7291899655184,26.883938556650747
99,40,Urban,Gold,26,4.83,Evening,Premium,151,510.6580782397596,0,1.1611111111111112,High_demand,High_supply,1.2222222222222223,1.0526315789473684,0.061111111111111116,541.864960798856,812.7974411982841,A,510.6580782397596,0.945262114801196,1,357.4606547678317,153.1974234719279
21,9,Urban,Gold,91,4.82,Morning,Economy,47,171.6271185714875,1,0.6416666666666666,Low_demand,Low_supply,0.525,0.8181818181818182,0.2583333333333334,127.29011294051988,176.29680642262002,B,176.29680642262002,1.0,1,123.407764495834,52.88904192678602
53,19,Suburban,Silver,54,3.84,Evening,Economy,132,520.5653406452625,0,1.0228070175438595,Medium_demand,Medium_supply,0.8833333333333333,0.8636363636363636,0.0,520.5653406452625,774.0806615395054,A,520.5653406452625,0.10863842249092431,0,364.3957384516837,0.0
60,16,Urban,Gold,68,4.23,Night,Economy,108,458.096326804516,0,1.375,Medium_demand,Medium_supply,1.0,0.7272727272727273,0.2749999999999999,584.0728166757578,724.2502926779398,B,724.2502926779398,7.182972169039726e-46,0,506.97520487455785,0.0
32,22,Suburban,Silver,9,4.68,Night,Premium,135,530.1491563778454,0,0.8,Low_demand,Medium_supply,0.8,1.0,0.09999999999999998,477.1342407400609,714.5085255082412,B,714.5085255082412,9.369190009162135e-44,0,500.1559678557688,0.0
51,25,Rural,Regular,21,4.43,Evening,Premium,38,200.2582591219043,0,0.7479999999999999,Medium_demand,Medium_supply,0.85,1.1363636363636365,0.15200000000000014,169.81900373537482,220.28408503409474,A,200.2582591219043,1.0,1,140.180781385333,60.077477736571296
22,5,Urban,Regular,75,4.39,Night,Premium,19,128.0167601925525,0,1.2100000000000002,Low_demand,Low_supply,0.55,0.45454545454545453,0.1100000000000001,142.0986038137333,140.67761777559596,A,128.0167601925525,1.0,1,89.61173213478675,38.40502805776576
21,7,Rural,Regular,6,4.96,Afternoon,Premium,180,836.1164185613576,1,0.8250000000000001,Low_demand,Low_supply,0.525,0.6363636363636364,0.07499999999999996,773.4076871692558,1856.1784492062143,B,1856.1784492062143,1.1514048067251463e-291,0,1299.3249144443498,0.0
55,21,Rural,Silver,49,4.59,Morning,Economy,111,471.0890518884983,1,0.9603174603174602,Medium_demand,Medium_supply,0.9166666666666666,0.9545454545454546,0.0,471.0890518884983,926.8677095906204,B,926.8677095906204,7.219234222568501e-90,0,648.8073967134343,0.0
42,31,Rural,Gold,32,4.75,Night,Economy,12,50.6401755820817,0,0.49677419354838703,Medium_demand,Medium_supply,0.7,1.4090909090909092,0.403225806451613,30.220749944145528,55.70419314028988,B,55.70419314028988,1.0,1,38.992935198202915,16.711257942086966
86,26,Rural,Silver,31,3.69,Afternoon,Economy,85,263.1611767019543,1,0.8983855650522318,High_demand,Medium_supply,1.0617283950617284,1.1818181818181819,0.0016144349477682507,262.73632010139085,477.5232617842779,A,263.1611767019543,1.0,1,184.212823691368,78.94835301058629
48,18,Rural,Silver,60,4.47,Afternoon,Premium,124,524.1655595085831,1,0.9777777777777777,Medium_demand,Medium_supply,0.8,0.8181818181818182,0.0,524.1655595085831,1048.8552845766749,B,1048.8552845766749,2.340053538342453e-116,0,734.1986992036724,0.0
82,65,Urban,Gold,43,4.8,Night,Premium,112,330.2265438250878,0,0.5918328584995252,High_demand,High_supply,1.0123456790123457,1.7105263157894737,0.30816714150047486,228.4615737669292,363.2491982075966,B,363.2491982075966,1.0,1,254.27443874531758,108.974759462279
63,48,Rural,Regular,88,4.09,Morning,Economy,70,212.7407519371268,1,0.83125,Medium_demand,High_supply,1.05,1.263157894736842,0.06874999999999998,198.11482524144932,363.2435320801973,B,363.2435320801973,1.0,1,254.27047245613812,108.9730596240592
44,24,Urban,Regular,83,3.61,Night,Economy,13,48.92895253547415,0,0.6722222222222223,Medium_demand,Medium_supply,0.7333333333333333,1.0909090909090908,0.22777777777777775,37.784024457949485,53.821847789021575,A,48.92895253547415,1.0,1,34.25026677483191,14.678685760642246
39,18,Suburban,Gold,78,4.21,Afternoon,Economy,165,734.3951190125542,1,1.1916666666666667,Low_demand,Medium_supply,0.975,0.8181818181818182,0.09166666666666656,801.714671588705,1644.9180774321258,B,1644.9180774321258,8.626505257008498e-246,0,1151.442654202488,0.0
23,7,Rural,Gold,98,4.35,Morning,Economy,76,281.33950234360725,1,0.9035714285714285,Low_demand,Low_supply,0.575,0.6363636363636364,0.0,281.33950234360725,469.4149596603087,B,469.4149596603087,0.9999999999358928,1,328.59047176221605,140.82448789809263
31,7,Rural,Silver,27,4.73,Morning,Premium,141,476.28985780068655,1,1.217857142857143,Low_demand,Low_supply,0.775,0.6363636363636364,0.11785714285714288,532.4240196129103,1127.4078615303379,A,476.28985780068655,0.9999999980057872,1,333.40290046048057,142.88695734020598
44,7,Rural,Regular,55,3.66,Night,Premium,103,490.3421583214189,0,1.1523809523809523,Medium_demand,Low_supply,0.7333333333333333,0.6363636363636364,0.052380952380952195,516.0267475668264,742.5624897486633,B,742.5624897486633,7.583350232137953e-50,0,519.7937428240643,0.0
23,5,Urban,Gold,92,3.71,Night,Economy,105,363.4447759027239,0,1.265,Low_demand,Low_supply,0.575,0.45454545454545453,0.1649999999999998,423.4131639266733,525.0323232690749,B,525.0323232690749,0.012891442204860291,0,367.52262628835246,0.0
63,46,Urban,Silver,36,4.59,Morning,Economy,18,49.83993575677632,1,0.8673913043478262,Medium_demand,High_supply,1.05,1.2105263157894737,0.032608695652173836,48.21472046035971,68.70597665601258,A,49.83993575677632,1.0,1,34.88795502974342,14.951980727032897
25,15,Urban,Gold,15,4.18,Morning,Premium,176,516.8295590439432,1,0.9166666666666667,Low_demand,Medium_supply,0.625,0.6818181818181818,0.0,516.8295590439432,1059.5005960400836,B,1059.5005960400836,1.1418939722680184e-118,0,741.6504172280585,0.0
27,11,Rural,Regular,1,4.34,Night,Economy,99,262.6864663772181,0,1.35,Low_demand,Medium_supply,0.675,0.5,0.25,328.3580829715226,459.7013161601317,A,262.6864663772181,1.0,1,183.88052646405265,78.80593991316545
57,28,Urban,Gold,27,4.58,Afternoon,Economy,107,423.5098573724167,1,0.7464285714285714,Medium_demand,Medium_supply,0.95,1.2727272727272727,0.15357142857142858,358.4708435616527,609.4004340548096,A,423.5098573724167,1.0,1,296.4569001606917,127.05295721172502
83,26,Suburban,Gold,77,3.62,Night,Premium,74,373.975635759196,0,0.8670465337132004,High_demand,Medium_supply,1.0246913580246915,1.1818181818181819,0.032953466286799626,361.6518422541209,410.29401503730014,B,410.29401503730014,1.0,1,287.2058105261101,123.08820451119004
80,5,Suburban,Regular,53,3.67,Evening,Premium,48,184.24294467848267,0,2.933333333333333,Medium_demand,Low_supply,1.3333333333333333,0.45454545454545453,1.833333333333333,522.0216765890342,568.7426166437527,B,568.7426166437527,4.210822950701506e-12,0,398.1198316506269,0.0
50,40,Rural,Silver,61,4.7,Evening,Premium,73,319.11098294212263,0,0.7916666666666667,Medium_demand,High_supply,0.8333333333333334,1.0526315789473684,0.10833333333333328,284.54062645672605,351.12313304759994,B,351.12313304759994,1.0,1,245.78619313331993,105.33693991428001
84,8,Rural,Gold,21,4.63,Night,Economy,172,549.2008068168793,0,1.4259259259259258,High_demand,Low_supply,1.037037037037037,0.7272727272727273,0.32592592592592573,728.1995882979362,1230.6573042235123,B,1230.6573042235123,7.78787241471596e-156,0,861.4601129564585,0.0
90,54,Rural,Regular,1,3.59,Afternoon,Premium,87,427.8571629452071,1,0.7818930041152263,High_demand,High_supply,1.1111111111111112,1.4210526315789473,0.11810699588477369,377.32423876196657,716.9160536477365,A,427.8571629452071,1.0,1,299.50001406164495,128.35714888356216
28,9,Urban,Silver,68,4.82,Evening,Premium,43,164.316390505398,0,0.8555555555555554,Low_demand,Low_supply,0.7,0.8181818181818182,0.04444444444444462,157.01343981626917,180.74802955593782,B,180.74802955593782,1.0,1,126.52362068915646,54.22440886678136
97,64,Rural,Silver,62,3.52,Morning,Premium,152,638.1340201838489,1,0.711033950617284,High_demand,High_supply,1.1975308641975309,1.6842105263157894,0.188966049382716,517.5483554129966,1113.2465124933556,A,638.1340201838489,3.599276052401651e-27,0,446.69381412869416,0.0
99,22,Suburban,Silver,7,4.4,Morning,Economy,39,131.44358716419623,1,1.2222222222222223,High_demand,Medium_supply,1.2222222222222223,1.0,0.12222222222222223,147.50891448426466,220.71021329708097,B,220.71021329708097,1.0,1,154.49714930795668,66.2130639891243
96,53,Rural,Regular,58,4.28,Afternoon,Economy,21,55.6373707994896,1,0.8497554157931516,High_demand,High_supply,1.1851851851851851,1.394736842105263,0.05024458420684841,52.841894237306995,86.31723423664099,B,86.31723423664099,1.0,1,60.42206396564868,25.895170270992303
88,69,Rural,Gold,89,3.6,Evening,Premium,107,467.92749485577286,0,0.5983181248881732,High_demand,High_supply,1.0864197530864197,1.8157894736842106,0.30168187511182687,326.7622507913036,514.7202443413502,B,514.7202443413502,0.6937740576760942,1,360.30417103894507,154.4160733024051
53,17,Rural,Silver,78,4.03,Afternoon,Premium,26,120.24719290813758,1,1.1431372549019607,Medium_demand,Medium_supply,0.8833333333333333,0.7727272727272727,0.04313725490196063,125.43432671986115,194.54864074250463,A,120.24719290813758,1.0,1,84.1730350356963,36.074157872441276
28,14,Rural,Silver,77,3.58,Afternoon,Economy,98,374.65518279544045,1,1.0999999999999999,Low_demand,Medium_supply,0.7,0.6363636363636364,0.0,374.65518279544045,693.4867433543602,B,693.4867433543602,3.439727521415298e-39,0,485.44072034805214,0.0
59,21,Rural,Regular,97,3.6,Afternoon,Premium,67,269.44414015954374,1,1.03015873015873,Medium_demand,Medium_supply,0.9833333333333333,0.9545454545454546,0.0,269.44414015954374,480.55362397454627,B,480.55362397454627,0.9999999831873346,1,336.3875367821824,144.16608719236388
50,27,Suburban,Gold,100,4.22,Morning,Premium,173,685.6696935694298,1,0.6790123456790124,Medium_demand,Medium_supply,0.8333333333333334,1.2272727272727273,0.22098765432098766,534.1451563485311,1114.2267961430362,B,1114.2267961430362,1.4927339844195874e-130,0,779.9587573001253,0.0
89,8,Urban,Gold,40,3.59,Morning,Premium,151,528.0024896243917,1,1.5108024691358024,High_demand,Low_supply,1.0987654320987654,0.7272727272727273,0.4108024691358023,744.9072160719427,1452.5690713402882,B,1452.5690713402882,5.0569756673568316e-204,0,1016.7983499382017,0.0
83,34,Urban,Silver,96,4.71,Evening,Premium,176,812.0729938599545,0,0.6630355846042122,High_demand,Medium_supply,1.0246913580246915,1.5454545454545454,0.23696441539578783,619.6405916112232,1016.210570242406,A,812.0729938599545,6.107267310243149e-65,0,568.4510957019681,0.0
73,14,Urban,Gold,28,4.31,Evening,Economy,29,118.97305838669006,0,1.9119047619047618,Medium_demand,Medium_supply,1.2166666666666666,0.6363636363636364,0.8119047619047617,215.56785102921697,194.0110659262953,B,194.0110659262953,1.0,1,135.8077461484067,58.203319777888595
76,35,Suburban,Regular,8,4.89,Afternoon,Premium,138,406.5899107855241,1,0.7961904761904762,Medium_demand,Medium_supply,1.2666666666666666,1.5909090909090908,0.1038095238095238,364.3820057611221,756.0926619543284,A,406.5899107855241,1.0,1,284.61293754986684,121.97697323565728
56,35,Rural,Silver,33,3.97,Morning,Economy,47,134.77582951421903,1,0.5866666666666667,Medium_demand,Medium_supply,0.9333333333333333,1.5909090909090908,0.31333333333333335,92.54606959976373,149.69326757761786,A,134.77582951421903,1.0,1,94.34308065995332,40.43274885426571
40,20,Rural,Regular,11,4.4,Afternoon,Economy,83,343.79851998722387,1,0.7333333333333333,Medium_demand,Medium_supply,0.6666666666666666,0.9090909090909091,0.16666666666666674,286.4987666560199,544.3476566464378,A,343.79851998722387,1.0,1,240.65896399105668,103.13955599616719
27,6,Urban,Silver,92,3.73,Night,Premium,125,460.2837624776103,0,1.2375000000000003,Low_demand,Low_supply,0.675,0.5454545454545454,0.13750000000000018,523.5727798182818,727.7661639474117,A,460.2837624776103,0.999999999999333,1,322.1986337343272,138.08512874328312
32,7,Urban,Regular,79,4.05,Morning,Economy,83,306.390461217286,1,1.2571428571428573,Low_demand,Low_supply,0.8,0.6363636363636364,0.15714285714285725,354.5375336942881,615.1226209595898,A,306.390461217286,1.0,1,214.47332285210018,91.91713836518579
48,24,Urban,Silver,35,4.2,Night,Premium,51,251.4211394087152,0,0.7333333333333334,Medium_demand,Medium_supply,0.8,1.0909090909090908,0.16666666666666663,209.51761617392933,276.5632533495867,A,251.4211394087152,1.0,1,175.99479758610062,75.42634182261457
71,41,Urban,Gold,31,3.81,Afternoon,Premium,140,614.63671317069,1,1.0967479674796747,Medium_demand,High_supply,1.1833333333333333,1.0789473684210527,0.0,614.63671317069,1167.809755024311,B,1167.809755024311,3.456135311361938e-142,0,817.4668285170177,0.0
53,6,Rural,Silver,74,4.12,Night,Economy,76,231.1651667910225,0,1.6194444444444445,Medium_demand,Low_supply,0.8833333333333333,0.5454545454545454,0.5194444444444444,351.2426284296925,433.4334034822406,A,231.1651667910225,1.0,1,161.81561675371574,69.34955003730676
87,44,Rural,Silver,61,3.87,Evening,Premium,16,117.76366453355408,0,0.9276094276094277,High_demand,High_supply,1.0740740740740742,1.1578947368421053,0.0,117.76366453355408,121.76762912769492,A,117.76366453355408,1.0,1,82.43456517348785,35.32909936006622
36,16,Urban,Regular,82,4.62,Afternoon,Premium,72,253.4912438007839,1,1.2375,Low_demand,Medium_supply,0.9,0.7272727272727273,0.13749999999999996,288.34628982339166,485.8634983524149,A,253.4912438007839,1.0,1,177.44387066054873,76.04737314023518
39,20,Rural,Gold,71,4.11,Morning,Economy,111,404.5983991889042,1,1.0725,Low_demand,Medium_supply,0.975,0.9090909090909091,0.0,404.5983991889042,755.9921088844676,B,755.9921088844676,9.197215693328689e-53,0,529.1944762191273,0.0
91,81,Rural,Gold,15,4.68,Evening,Premium,20,135.1772701347079,0,0.5270538027739674,High_demand,High_supply,1.123456790123457,2.1315789473684212,0.3729461972260326,84.76342128657244,148.6949971481787,B,148.6949971481787,1.0,1,104.08649800372507,44.60849914445362
31,18,Urban,Regular,46,4.86,Night,Economy,128,360.8585507409454,0,0.9472222222222222,Low_demand,Medium_supply,0.775,0.8181818181818182,0.0,360.8585507409454,523.2448985743708,A,360.8585507409454,1.0,1,252.6009855186618,108.25756522228363
94,67,Suburban,Silver,34,4.64,Night,Premium,64,231.3263184773236,0,0.658190528837295,High_demand,High_supply,1.1604938271604939,1.763157894736842,0.24180947116270501,175.3894237403065,254.45895032505598,B,254.45895032505598,1.0,1,178.12126522753917,76.33768509751681
83,18,Urban,Gold,12,4.98,Morning,Economy,81,286.409294385432,1,1.252400548696845,High_demand,Medium_supply,1.0246913580246915,0.8181818181818182,0.15240054869684494,330.05822800164805,528.0931648026369,A,286.409294385432,1.0,1,200.4865060698024,85.92278831562962
34,9,Urban,Silver,65,4.69,Afternoon,Premium,107,508.7118174567975,1,1.0388888888888888,Low_demand,Low_supply,0.85,0.8181818181818182,0.0,508.7118174567975,895.3327987239636,A,508.7118174567975,0.9785854304762273,1,356.09827221975826,152.61354523703926
32,6,Rural,Gold,75,4.47,Morning,Premium,154,721.7212691270341,1,1.4666666666666668,Low_demand,Low_supply,0.8,0.5454545454545454,0.3666666666666667,986.35240114028,2040.2699417586693,B,2040.2699417586693,0.0,0,1428.1889592310686,0.0
22,7,Urban,Gold,15,3.53,Evening,Premium,180,552.2693747461685,0,0.8642857142857143,Low_demand,Low_supply,0.55,0.6363636363636364,0.0357142857142857,532.545468505234,878.7000230336362,A,552.2693747461685,1.5903254244162516e-08,0,386.58856232231796,0.0
49,20,Rural,Silver,52,4.74,Afternoon,Premium,162,510.62689141008207,1,0.8983333333333333,Medium_demand,Medium_supply,0.8166666666666667,0.9090909090909091,0.0016666666666667052,509.77584659106526,1122.0166383469345,B,1122.0166383469345,3.036964240910339e-132,0,785.4116468428541,0.0
61,38,Urban,Silver,95,3.5,Night,Economy,164,415.9794524398186,0,0.5885964912280701,Medium_demand,Medium_supply,1.0166666666666666,1.7272727272727273,0.3114035087719299,286.441991373033,455.4427662831224,B,455.4427662831224,0.9999999999999407,1,318.80993639818564,136.63282988493677
21,9,Urban,Gold,48,4.4,Afternoon,Premium,152,660.0597080304599,1,0.6416666666666666,Low_demand,Low_supply,0.525,0.8181818181818182,0.2583333333333334,489.54428345592436,954.6113527390526,A,660.0597080304599,6.238964794797465e-32,0,462.0417956213219,0.0
40,18,Urban,Silver,16,4.59,Afternoon,Premium,157,644.0445755475266,1,0.8148148148148148,Medium_demand,Medium_supply,0.6666666666666666,0.8181818181818182,0.08518518518518525,589.1815191119965,1193.092576201793,A,644.0445755475266,1.873934328738324e-28,0,450.8312028832686,0.0
22,6,Urban,Silver,82,4.3,Morning,Premium,172,710.884313751738,1,1.0083333333333335,Low_demand,Low_supply,0.55,0.5454545454545454,0.0,710.884313751738,1499.965902016167,B,1499.965902016167,2.581070414964449e-214,0,1049.9761314113168,0.0
34,11,Suburban,Gold,66,4.59,Morning,Economy,134,478.20015364109577,1,1.7,Low_demand,Medium_supply,0.85,0.5,0.5999999999999999,765.1202458257532,1455.067427499126,A,478.20015364109577,0.9999999948169309,1,334.740107548767,143.46004609232875
56,31,Rural,Silver,9,4.79,Afternoon,Premium,167,744.4180991800615,1,0.6623655913978495,Medium_demand,Medium_supply,0.9333333333333333,1.4090909090909092,0.23763440860215057,567.5187444286705,1258.4728157705767,A,744.4180991800615,2.9986145623236545e-50,0,521.092669426043,0.0
93,36,Urban,Gold,60,4.63,Afternoon,Economy,111,478.7697584495512,1,0.7016460905349794,High_demand,Medium_supply,1.1481481481481481,1.6363636363636365,0.19835390946502063,383.80390512745913,665.8997753961416,A,478.7697584495512,0.9999999931091135,1,335.1388309146858,143.6309275348654
38,9,Suburban,Gold,57,4.26,Morning,Premium,16,104.0560727191975,1,1.161111111111111,Low_demand,Low_supply,0.95,0.8181818181818182,0.061111111111110894,110.41505494092621,154.77430326344333,B,154.77430326344333,1.0,1,108.34201228441033,46.432290979033
76,26,Suburban,Silver,74,4.18,Evening,Premium,159,486.1839276370279,0,1.0717948717948718,Medium_demand,Medium_supply,1.2666666666666666,1.1818181818181819,0.0,486.1839276370279,771.5738931599633,B,771.5738931599633,3.8029000147715706e-56,0,540.1017252119742,0.0
47,24,Suburban,Silver,11,3.62,Night,Premium,148,657.0936874279021,0,0.7180555555555556,Medium_demand,Medium_supply,0.7833333333333333,1.0909090909090908,0.18194444444444446,537.539141520881,831.8418215035633,A,657.0936874279021,2.7490062387273675e-31,0,459.9655811995314,0.0
64,10,Urban,Silver,62,4.98,Evening,Economy,38,96.3007413779792,0,1.1733333333333333,Medium_demand,Low_supply,1.0666666666666667,0.9090909090909091,0.07333333333333325,103.36279574569765,97.1610280009558,B,97.1610280009558,1.0,1,68.01271960066906,29.148308400286737
56,10,Rural,Gold,28,3.8,Afternoon,Economy,144,609.9082747031204,1,1.0266666666666666,Medium_demand,Low_supply,0.9333333333333333,0.9090909090909091,0.0,609.9082747031204,1241.16333902085,B,1241.16333902085,4.07438775976929e-158,0,868.8143373145949,0.0
44,25,Rural,Silver,32,4.43,Night,Premium,154,502.1012063441772,0,0.6453333333333332,Medium_demand,Medium_supply,0.7333333333333333,1.1363636363636365,0.2546666666666668,374.23276579519336,615.6128997330932,B,615.6128997330932,2.796496794688365e-22,0,430.9290298131652,0.0
34,6,Rural,Regular,11,3.75,Morning,Economy,179,465.719058488387,1,1.5583333333333333,Low_demand,Low_supply,0.85,0.5454545454545454,0.45833333333333326,679.1736269622311,1596.0580233612432,B,1596.0580233612432,3.512859867345373e-235,0,1117.2406163528701,0.0
45,18,Suburban,Silver,70,3.84,Night,Economy,122,308.43591786214927,0,0.9166666666666666,Medium_demand,Medium_supply,0.75,0.8181818181818182,0.0,308.43591786214927,443.22241396790855,B,443.22241396790855,0.9999999999999998,1,310.25568977753596,132.9667241903726
31,7,Rural,Regular,22,4.88,Afternoon,Premium,172,806.0212701919081,1,1.217857142857143,Low_demand,Low_supply,0.775,0.6363636363636364,0.11785714285714288,901.0166341788116,2117.3890903202073,A,806.0212701919081,1.258815340122621e-63,0,564.2148891343356,0.0
95,28,Rural,Regular,34,4.48,Evening,Economy,163,576.9675719994219,0,0.9215167548500883,High_demand,Medium_supply,1.1728395061728396,1.2727272727272727,0.0,576.9675719994219,1009.6932509989884,A,576.9675719994219,6.891926209883879e-14,0,403.8773003995953,0.0
82,59,Rural,Regular,39,3.5,Night,Premium,67,284.2944207006542,0,0.6520192508893075,High_demand,High_supply,1.0123456790123457,1.5526315789473684,0.24798074911069257,213.7948772873156,312.7238627707196,A,284.2944207006542,1.0,1,199.00609449045794,85.28832621019626
95,38,Urban,Silver,39,3.71,Afternoon,Premium,97,478.3662772118347,1,0.6790123456790124,High_demand,Medium_supply,1.1728395061728396,1.7272727272727273,0.22098765432098766,372.653235704528,642.8268315903108,B,642.8268315903108,3.4449593974065613e-28,0,449.9787821132175,0.0
27,12,Suburban,Silver,1,4.93,Evening,Economy,41,119.4823999754907,0,1.2375000000000003,Low_demand,Medium_supply,0.675,0.5454545454545454,0.13750000000000018,135.91122997212068,142.3670133957964,B,142.3670133957964,1.0,1,99.65690937705747,42.71010401873892
94,23,Suburban,Regular,71,4.15,Night,Premium,154,532.5097779421501,0,1.1100375738056898,High_demand,Medium_supply,1.1604938271604939,1.0454545454545454,0.010037573805689703,537.8548841404959,881.813082548343,A,532.5097779421501,0.00031052248864473723,0,372.75684455950505,0.0
66,15,Urban,Silver,88,4.21,Evening,Premium,65,291.9008795114952,0,1.6133333333333335,Medium_demand,Medium_supply,1.1,0.6818181818181818,0.5133333333333334,441.7433309940628,481.5002307835284,B,481.5002307835284,0.9999999730108241,1,337.0501615484699,144.45006923505855
40,6,Rural,Gold,37,4.75,Afternoon,Premium,148,707.8553931548287,1,1.2222222222222223,Medium_demand,Low_supply,0.6666666666666666,0.5454545454545454,0.12222222222222223,794.3710523181966,1616.5450914675303,A,707.8553931548287,2.6086233709461896e-42,0,495.49877520838004,0.0
56,27,Suburban,Silver,62,4.74,Evening,Premium,129,435.7154538108565,0,0.7604938271604939,Medium_demand,Medium_supply,0.9333333333333333,1.2272727272727273,0.13950617283950617,374.9304584026753,538.7750687246445,A,435.7154538108565,1.0,1,305.0008176675995,130.714636143257
54,6,Suburban,Gold,48,4.26,Morning,Economy,154,504.0841142440527,1,1.6500000000000001,Medium_demand,Low_supply,0.9,0.5454545454545454,0.55,781.3303770782818,1576.3340357554334,A,504.0841142440527,0.9978408694308419,1,352.8588799708369,151.22523427321585
46,15,Suburban,Silver,96,4.69,Morning,Premium,116,497.3770093020007,1,1.1244444444444446,Medium_demand,Medium_supply,0.7666666666666667,0.6818181818181818,0.02444444444444449,509.53511397382744,958.1807818277825,B,958.1807818277825,1.1453649539638455e-96,0,670.7265472794477,0.0
65,16,Suburban,Silver,82,3.62,Evening,Premium,146,460.8002858653508,0,1.4895833333333333,Medium_demand,Medium_supply,1.0833333333333333,0.7272727272727273,0.38958333333333317,640.320397233727,984.1724505482384,B,984.1724505482384,2.5997090139248923e-102,0,688.9207153837668,0.0
96,48,Urban,Gold,11,4.19,Night,Economy,79,272.4960775620536,0,0.9382716049382716,High_demand,High_supply,1.1851851851851851,1.263157894736842,0.0,272.4960775620536,299.74568531825895,A,272.4960775620536,1.0,1,190.7472542934375,81.74882326861609
47,9,Suburban,Gold,88,4.06,Night,Economy,93,246.9535423209308,0,0.9574074074074074,Medium_demand,Low_supply,0.7833333333333333,0.8181818181818182,0.0,246.9535423209308,304.8641479951891,A,246.9535423209308,1.0,1,172.86747962465157,74.08606269627924
20,7,Urban,Silver,55,4.43,Night,Economy,153,482.7422075016093,0,0.7857142857142857,Low_demand,Low_supply,0.5,0.6363636363636364,0.11428571428571432,427.5716695014254,658.4603710321951,A,482.7422075016093,0.999999949779454,1,337.91954525112646,144.82266225048284
94,57,Suburban,Regular,13,4.04,Afternoon,Economy,60,205.495759583372,1,0.7736625514403292,High_demand,High_supply,1.1604938271604939,1.5,0.12633744855967077,179.53394962777728,309.6960631079158,A,205.495759583372,1.0,1,143.8470317083604,61.648727875011616
52,30,Suburban,Silver,25,3.67,Night,Economy,142,531.6062153403296,0,0.6355555555555557,Medium_demand,Medium_supply,0.8666666666666667,1.3636363636363635,0.26444444444444437,391.02590506144253,605.1125880825823,B,605.1125880825823,5.330010074677174e-20,0,423.5788116578076,0.0
71,6,Suburban,Gold,48,4.05,Afternoon,Economy,157,550.9983736824666,1,2.1694444444444447,Medium_demand,Low_supply,1.1833333333333333,0.5454545454545454,1.0694444444444446,1140.2605233151046,2300.4756057882237,B,2300.4756057882237,0.0,0,1610.3329240517564,0.0
46,8,Rural,Gold,39,3.97,Evening,Premium,123,396.9586997774456,0,1.0541666666666667,Medium_demand,Low_supply,0.7666666666666667,0.7272727272727273,0.0,396.9586997774456,571.6205276795217,A,396.9586997774456,1.0,1,277.8710898442119,119.0876099332337
53,40,Urban,Regular,13,3.79,Night,Economy,118,318.2115758092651,0,0.8391666666666667,Medium_demand,High_supply,0.8833333333333333,1.0526315789473684,0.060833333333333295,298.8537049475348,418.3951869265488,A,318.2115758092651,1.0,1,222.74810306648558,95.46347274277954
26,11,Urban,Regular,97,3.64,Morning,Economy,141,427.0550612068028,1,1.3,Low_demand,Medium_supply,0.65,0.5,0.19999999999999996,512.4660734481633,1042.8684594670126,B,1042.8684594670126,4.669263126993424e-115,0,730.0079216269088,0.0
100,46,Suburban,Gold,74,3.74,Afternoon,Economy,171,448.31285347772814,1,1.019860440150295,High_demand,High_supply,1.2345679012345678,1.2105263157894737,0.0,448.31285347772814,942.2415397968152,B,942.2415397968152,3.312121960965939e-93,0,659.5690778577706,0.0
74,38,Urban,Regular,95,5.0,Evening,Economy,167,455.4083398759809,0,0.7140350877192982,Medium_demand,Medium_supply,1.2333333333333334,1.7272727272727273,0.18596491228070178,370.7183678990441,607.9781233544323,A,455.4083398759809,0.9999999999999418,1,318.78583791318664,136.62250196279427
53,5,Rural,Gold,100,4.46,Night,Premium,33,179.17081970350634,0,1.9433333333333334,Medium_demand,Low_supply,0.8833333333333333,0.45454545454545453,0.8433333333333333,330.27154432013003,319.7028549018859,A,179.17081970350634,1.0,1,125.41957379245443,53.75124591105191
75,63,Urban,Gold,24,4.18,Afternoon,Economy,29,104.18588264010208,1,0.753968253968254,Medium_demand,High_supply,1.25,1.6578947368421053,0.14603174603174607,88.97143628630938,120.11143898651767,A,104.18588264010208,1.0,1,72.93011784807145,31.255764792030632
44,9,Suburban,Regular,54,4.2,Morning,Premium,13,91.67748868757226,1,0.8962962962962961,Medium_demand,Low_supply,0.7333333333333333,0.8181818181818182,0.0037037037037038756,91.33794243317384,142.4186867389263,B,142.4186867389263,1.0,1,99.6930807172484,42.725606021677905
76,60,Suburban,Regular,81,3.6,Evening,Premium,72,264.08573637935564,0,0.8022222222222222,Medium_demand,High_supply,1.2666666666666666,1.5789473684210527,0.09777777777777785,238.2640199333742,295.32825270741733,B,295.32825270741733,1.0,1,206.72977689519212,88.59847581222522
88,18,Suburban,Silver,80,4.83,Evening,Economy,109,424.65693227127065,0,1.3278463648834018,High_demand,Medium_supply,1.0864197530864197,0.8181818181818182,0.2278463648834017,521.4134706118166,697.1298102079988,B,697.1298102079988,5.564704733410072e-40,0,487.99086714559917,0.0
54,35,Rural,Gold,95,4.98,Evening,Premium,61,218.9504185416184,0,0.5657142857142857,Medium_demand,Medium_supply,0.9,1.5909090909090908,0.3342857142857143,145.7584214862774,240.84546039578026,A,218.9504185416184,1.0,1,153.26529297913288,65.68512556248552
49,30,Urban,Regular,7,3.97,Afternoon,Premium,77,248.1703336422785,1,0.5988888888888889,Medium_demand,Medium_supply,0.8166666666666667,1.3636363636363635,0.3011111111111111,173.44348873443687,294.8539308485427,A,248.1703336422785,1.0,1,173.71923354959495,74.45110009268356
25,8,Urban,Silver,11,4.0,Afternoon,Economy,109,422.4367392307234,1,0.859375,Low_demand,Low_supply,0.625,0.7272727272727273,0.04062500000000002,405.27524669947525,719.3635628915686,B,719.3635628915686,8.268830205909459e-45,0,503.55449402409795,0.0
36,18,Suburban,Gold,15,4.21,Afternoon,Economy,86,280.5240756909656,1,1.0999999999999999,Low_demand,Medium_supply,0.9,0.8181818181818182,0.0,280.5240756909656,467.77389621468524,B,467.77389621468524,0.9999999999717801,1,327.4417273502796,140.33216886440562
42,25,Suburban,Silver,44,4.99,Morning,Premium,122,565.9834811108678,1,0.6159999999999999,Medium_demand,Medium_supply,0.7,1.1363636363636365,0.28400000000000014,405.2441724753813,788.7064706802107,A,565.9834811108678,1.6730374007491335e-11,0,396.1884367776075,0.0
29,14,Rural,Gold,2,4.69,Night,Premium,180,828.2131345744126,0,1.1392857142857142,Low_demand,Medium_supply,0.725,0.6363636363636364,0.039285714285714146,860.7500791469787,1497.7051377157431,B,1497.7051377157431,7.993161412110799e-214,0,1048.3935964010202,0.0
52,16,Urban,Silver,63,4.13,Morning,Economy,49,132.84680584297232,1,1.1916666666666667,Medium_demand,Medium_supply,0.8666666666666667,0.7272727272727273,0.09166666666666656,145.02442971191144,211.7356673793907,B,211.7356673793907,1.0,1,148.21496716557348,63.52070021381721
37,6,Rural,Gold,59,4.73,Evening,Economy,20,86.17345483820148,0,1.6958333333333335,Low_demand,Low_supply,0.925,0.5454545454545454,0.5958333333333334,137.51847167929654,134.63058377403132,A,86.17345483820148,1.0,1,60.32141838674103,25.85203645146045
91,17,Rural,Gold,21,4.84,Afternoon,Premium,149,545.3868063047398,1,1.4538852578068266,High_demand,Medium_supply,1.123456790123457,0.7727272727272727,0.35388525780682656,738.3911568583344,1502.6260042067106,B,1502.6260042067106,6.825995560709242e-215,0,1051.8382029446973,0.0
29,8,Rural,Silver,79,4.26,Morning,Premium,133,531.0619846358322,1,0.996875,Low_demand,Low_supply,0.725,0.7272727272727273,0.0,531.0619846358322,1089.208130488092,A,531.0619846358322,0.0006402272027055456,0,371.74338924508254,0.0
62,45,Rural,Regular,87,4.74,Afternoon,Premium,20,108.6023564641184,1,0.8725925925925927,Medium_demand,High_supply,1.0333333333333334,1.1842105263157894,0.027407407407407325,105.62584743510183,172.53982178523887,A,108.6023564641184,1.0,1,76.02164952488287,32.580706939235526
69,7,Urban,Regular,51,4.56,Afternoon,Premium,103,462.66304412150464,1,1.807142857142857,Medium_demand,Low_supply,1.15,0.6363636363636364,0.7071428571428569,789.8319110359971,1449.3415567510547,A,462.66304412150464,0.9999999999978084,1,323.8641308850532,138.79891323645143
32,14,Suburban,Silver,80,3.56,Afternoon,Premium,80,254.9510771161675,1,1.2571428571428573,Low_demand,Medium_supply,0.8,0.6363636363636364,0.15714285714285725,295.014817805851,510.5231422130252,A,254.9510771161675,1.0,1,178.46575398131725,76.48532313485026
78,31,Urban,Gold,6,3.78,Evening,Premium,64,271.0126649576171,0,0.9225806451612903,Medium_demand,Medium_supply,1.3,1.4090909090909092,0.0,271.0126649576171,284.563298205498,A,271.0126649576171,1.0,1,189.70886547033197,81.30379948728515
53,10,Rural,Silver,10,3.58,Evening,Economy,168,424.48842846396354,0,0.9716666666666667,Medium_demand,Low_supply,0.8833333333333333,0.9090909090909091,0.0,424.48842846396354,719.5078862464183,A,424.48842846396354,1.0,1,297.14189992477446,127.34652853918908
60,50,Suburban,Silver,54,4.57,Afternoon,Premium,38,151.77728650517233,1,0.7599999999999999,Medium_demand,High_supply,1.0,1.3157894736842106,0.14000000000000012,130.52846639444817,193.24739449698052,A,151.77728650517233,1.0,1,106.24410055362063,45.5331859515517
97,58,Urban,Gold,1,4.11,Morning,Premium,83,383.0749064097095,1,0.7845891868880374,High_demand,High_supply,1.1975308641975309,1.5263157894736843,0.11541081311196266,338.86391997817594,542.1822719650816,B,542.1822719650816,2.46530965397851e-06,0,379.52759037555705,0.0
87,77,Urban,Gold,12,3.56,Night,Premium,11,97.78450586126137,0,0.5300625300625301,High_demand,High_supply,1.0740740740740742,2.026315789473684,0.3699374699374699,61.61035316386064,107.5629564473875,A,97.78450586126137,1.0,1,68.44915410288296,29.33535175837841
74,20,Rural,Silver,68,4.36,Night,Economy,32,119.59407325541466,0,1.3566666666666667,Medium_demand,Medium_supply,1.2333333333333334,0.9090909090909091,0.2566666666666666,150.28988539097108,155.39974149426413,A,119.59407325541466,1.0,1,83.71585127879025,35.8782219766244
90,58,Urban,Gold,1,4.7,Afternoon,Premium,21,126.57277068445282,1,0.7279693486590039,High_demand,High_supply,1.1111111111111112,1.5263157894736843,0.17203065134099615,104.79837450157186,141.477805577122,B,141.477805577122,1.0,1,99.0344639039854,42.443341673136615
21,8,Rural,Regular,69,4.24,Afternoon,Premium,176,829.5343798843528,1,0.721875,Low_demand,Low_supply,0.525,0.7272727272727273,0.17812499999999998,681.7735684674525,1590.9186220188003,B,1590.9186220188003,4.5884673653233296e-234,0,1113.64303541316,0.0
70,35,Urban,Silver,35,4.9,Night,Premium,108,418.815349545453,0,0.7333333333333334,Medium_demand,Medium_supply,1.1666666666666667,1.5909090909090908,0.16666666666666663,349.0127912878775,453.7166286742408,B,453.7166286742408,0.9999999999999749,1,317.6016400719685,136.11498860227226
37,7,Suburban,Regular,1,3.92,Evening,Economy,62,233.21310275336955,0,1.4535714285714287,Low_demand,Low_supply,0.925,0.6363636363636364,0.35357142857142865,315.6705926554538,378.8047111865445,A,233.21310275336955,1.0,1,163.24917192735867,69.96393082601088
30,11,Rural,Gold,93,3.56,Night,Premium,155,701.141472496938,0,1.5,Low_demand,Medium_supply,0.75,0.5,0.3999999999999999,981.5980614957132,1549.9433391017315,B,1549.9433391017315,3.625244312415603e-225,0,1084.9603373712118,0.0
64,22,Urban,Regular,26,4.24,Evening,Premium,115,388.72966746525947,0,1.0666666666666667,Medium_demand,Medium_supply,1.0666666666666667,1.0,0.0,388.72966746525947,544.2215344513633,A,388.72966746525947,1.0,1,272.1107672256816,116.61890023957784
40,23,Urban,Silver,6,3.96,Night,Economy,178,528.60807288888,0,0.6376811594202898,Medium_demand,Medium_supply,0.6666666666666666,1.0454545454545454,0.2623188405797102,389.94421608759404,643.4079565445302,A,528.60807288888,0.0021803412965779342,0,370.025651022216,0.0
28,18,Urban,Gold,100,3.62,Afternoon,Premium,92,382.03843862699455,1,0.8555555555555554,Low_demand,Medium_supply,0.7,0.8181818181818182,0.04444444444444462,365.05895246579473,591.3955029945874,A,382.03843862699455,1.0,1,267.42690703889616,114.61153158809839
85,19,Rural,Gold,17,3.69,Morning,Economy,164,587.331264277609,1,1.2150747238466537,High_demand,Medium_supply,1.0493827160493827,0.8636363636363636,0.11507472384665363,654.9182473208607,1398.2504580300379,A,587.331264277609,3.8716263292034087e-16,0,411.13188499432624,0.0
92,77,Urban,Gold,100,4.26,Night,Economy,47,167.7398193291184,0,0.5605258938592272,High_demand,High_supply,1.1358024691358024,2.026315789473684,0.3394741061407728,110.79649409815121,184.51380126203026,B,184.51380126203026,1.0,1,129.15966088342117,55.35414037860909
93,56,Suburban,Regular,56,4.65,Evening,Premium,86,304.8360144837103,0,0.7791005291005292,High_demand,High_supply,1.1481481481481481,1.4736842105263157,0.12089947089947084,267.9815016215263,345.5621463409582,B,345.5621463409582,1.0,1,241.8935024386707,103.66864390228747
36,25,Rural,Regular,26,3.57,Afternoon,Economy,122,354.1540979676975,1,0.7919999999999999,Low_demand,Medium_supply,0.9,1.1363636363636365,0.1080000000000001,315.9054553871861,663.4014563130909,A,354.1540979676975,1.0,1,247.90786857738823,106.24622939030928
94,50,Suburban,Regular,88,4.95,Night,Premium,49,250.4603273046531,0,0.8819753086419753,High_demand,High_supply,1.1604938271604939,1.3157894736842106,0.018024691358024758,245.94585720755688,267.95801142763327,A,250.4603273046531,1.0,1,175.32222911325715,75.13809819139595
27,8,Rural,Gold,48,4.18,Afternoon,Economy,167,495.2197782062817,1,0.9281250000000001,Low_demand,Low_supply,0.675,0.7272727272727273,0.0,495.2197782062817,1057.2942264704116,A,495.2197782062817,0.9999742758914799,1,346.6538447443972,148.56593346188453
86,41,Rural,Regular,96,4.5,Morning,Premium,68,301.5483736351267,1,0.9840409515206263,High_demand,High_supply,1.0617283950617284,1.0789473684210527,0.0,301.5483736351267,537.8115243782486,B,537.8115243782486,2.1925969416482866e-05,0,376.468067064774,0.0
22,11,Rural,Regular,39,4.63,Evening,Economy,101,433.03454356764814,0,1.1,Low_demand,Medium_supply,0.55,0.5,0.0,433.03454356764814,627.9000881730899,A,433.03454356764814,1.0,1,303.1241804973537,129.91036307029447
95,56,Rural,Silver,86,3.79,Morning,Premium,147,671.4712089285143,1,0.7958553791887126,High_demand,High_supply,1.1728395061728396,1.4736842105263157,0.10414462081128739,601.5410944889575,1263.8378395212999,A,671.4712089285143,2.07556624852455e-34,0,470.02984624996,0.0
99,89,Urban,Silver,63,4.84,Afternoon,Economy,16,49.71329085631081,1,0.5218476903870163,High_demand,High_supply,1.2222222222222223,2.3421052631578947,0.37815230961298374,30.914095100534855,54.6846199419419,B,54.6846199419419,1.0,1,38.279233959359324,16.405385982582573
22,8,Rural,Regular,4,4.84,Morning,Economy,122,408.129769999122,1,0.7562500000000001,Low_demand,Low_supply,0.55,0.7272727272727273,0.14374999999999993,349.4611155617482,733.8683426796713,B,733.8683426796713,5.858293992527831e-48,0,513.7078398757699,0.0
100,85,Suburban,Silver,59,4.46,Evening,Economy,110,329.4837131421355,0,0.5519244734931009,High_demand,High_supply,1.2345679012345678,2.236842105263158,0.3480755265068991,214.79849621473858,362.4320844563491,A,329.4837131421355,1.0,1,230.63859919949485,98.84511394264067
61,38,Rural,Silver,100,4.34,Evening,Premium,78,383.3178042225475,0,0.5885964912280701,Medium_demand,Medium_supply,1.0166666666666666,1.7272727272727273,0.3114035087719299,263.95129501289455,421.6495846448023,B,421.6495846448023,1.0,1,295.15470925136157,126.49487539344074
33,18,Suburban,Gold,7,4.01,Night,Economy,105,313.06815696851334,0,1.0083333333333333,Low_demand,Medium_supply,0.825,0.8181818181818182,0.0,313.06815696851334,405.4232632742248,B,405.4232632742248,1.0,1,283.7962842919573,121.62697898226747
39,22,Rural,Gold,63,3.87,Evening,Premium,170,706.6896358975697,0,0.975,Low_demand,Medium_supply,0.975,1.0,0.0,706.6896358975697,1186.5318986720197,A,706.6896358975697,4.672532737458075e-42,0,494.68274512829873,0.0
37,5,Urban,Silver,75,3.88,Evening,Premium,26,142.6153122038585,0,2.035,Low_demand,Low_supply,0.925,0.45454545454545453,0.935,275.9606291144662,259.4029913675982,B,259.4029913675982,1.0,1,181.58209395731873,77.82089741027946
95,53,Suburban,Silver,6,4.01,Afternoon,Premium,158,708.8224028092762,1,0.8409037968786398,High_demand,High_supply,1.1728395061728396,1.394736842105263,0.059096203121360213,666.9336901158887,1398.0597479054318,A,708.8224028092762,1.608525323111432e-42,0,496.17568196649336,0.0
28,6,Suburban,Gold,54,4.03,Afternoon,Premium,168,593.065918046481,1,1.2833333333333334,Low_demand,Low_supply,0.7,0.5454545454545454,0.18333333333333335,701.7946696883358,1439.907213533043,B,1439.907213533043,2.840392466489311e-201,0,1007.93504947313,0.0
66,17,Urban,Gold,84,4.47,Night,Economy,139,604.3834014812801,0,1.423529411764706,Medium_demand,Medium_supply,1.1,0.7727272727272727,0.32352941176470584,799.9192078428707,1111.8876989015903,A,604.3834014812801,7.674832192082143e-20,0,423.068381036896,0.0
60,11,Suburban,Gold,18,4.29,Evening,Economy,26,100.2582627032478,0,2.0,Medium_demand,Medium_supply,1.0,0.5,0.8999999999999999,190.4906991361708,180.0137106836814,A,100.2582627032478,1.0,1,70.18078389227345,30.07747881097434
94,34,Suburban,Gold,99,4.54,Afternoon,Premium,155,685.7612504810801,1,0.7509077705156137,High_demand,Medium_supply,1.1604938271604939,1.5454545454545454,0.14909222948438627,583.5195767528552,1168.060312765028,A,685.7612504810801,1.6371689661417387e-37,0,480.03287533675604,0.0
63,12,Urban,Silver,54,4.47,Evening,Premium,140,446.41301231617626,0,1.9250000000000003,Medium_demand,Medium_supply,1.05,0.5454545454545454,0.8250000000000002,814.7037474770218,1213.9085837407624,B,1213.9085837407624,3.375648906660087e-152,0,849.7360086185337,0.0
38,8,Suburban,Silver,59,4.44,Night,Premium,75,291.107936848218,0,1.30625,Low_demand,Low_supply,0.95,0.7272727272727273,0.20624999999999982,351.1489488231629,416.81380225309437,A,291.107936848218,1.0,1,203.7755557937526,87.3323810544654
35,21,Suburban,Silver,13,4.14,Morning,Premium,36,193.64239387562827,1,0.9166666666666666,Low_demand,Medium_supply,0.875,0.9545454545454546,0.0,193.64239387562827,289.7374318364088,B,289.7374318364088,1.0,1,202.81620228548616,86.92122955092265
83,64,Suburban,Gold,78,4.01,Evening,Economy,109,304.52612995371493,0,0.6084104938271606,High_demand,High_supply,1.0246913580246915,1.6842105263157894,0.2915895061728394,215.72950610378527,334.97874294908644,A,304.52612995371493,1.0,1,213.16829096760043,91.3578389861145
62,14,Rural,Silver,33,4.23,Morning,Premium,85,386.834933294766,1,1.623809523809524,Medium_demand,Medium_supply,1.0333333333333334,0.6363636363636364,0.523809523809524,589.4627554967864,1071.3485581154093,A,386.834933294766,1.0,1,270.7844533063362,116.0504799884298
88,48,Urban,Gold,52,4.52,Night,Economy,92,230.83258579661484,0,0.8600823045267489,High_demand,High_supply,1.0864197530864197,1.263157894736842,0.03991769547325108,221.61828093148247,263.72575430846416,B,263.72575430846416,1.0,1,184.6080280159249,79.11772629253926
68,11,Rural,Silver,89,3.66,Evening,Economy,93,333.9106726820272,0,2.2666666666666666,Medium_demand,Medium_supply,1.1333333333333333,0.5,1.1666666666666665,723.4731241443923,965.1131476086193,A,333.9106726820272,1.0,1,233.73747087741904,100.17320180460817
84,64,Urban,Regular,34,4.13,Evening,Premium,99,353.8098038704909,0,0.6157407407407407,High_demand,High_supply,1.037037037037037,1.6842105263157894,0.2842592592592593,253.23609110360132,389.19078425754003,A,353.8098038704909,1.0,1,247.6668627093436,106.14294116114729
40,10,Urban,Regular,60,3.87,Night,Premium,79,293.19813425701705,0,0.7333333333333333,Medium_demand,Low_supply,0.6666666666666666,0.9090909090909091,0.16666666666666674,244.33177854751418,322.5179476827188,B,322.5179476827188,1.0,1,225.76256337790312,96.75538430481566
93,20,Urban,Regular,38,4.78,Afternoon,Premium,144,447.083068843808,1,1.262962962962963,High_demand,Medium_supply,1.1481481481481481,0.9090909090909091,0.16296296296296298,519.9410504331693,1065.8791533879971,A,447.083068843808,0.9999999999999991,1,312.9581481906656,134.1249206531424
57,44,Urban,Gold,78,3.53,Evening,Economy,153,584.888884974888,0,0.8204545454545454,Medium_demand,High_supply,0.95,1.1578947368421053,0.07954545454545459,538.3636327609764,802.1618128138549,A,584.888884974888,1.3129535493967998e-15,0,409.4222194824216,0.0
67,16,Suburban,Gold,24,4.52,Evening,Premium,150,488.1872511532145,0,1.5354166666666667,Medium_demand,Medium_supply,1.1166666666666667,0.7272727272727273,0.43541666666666656,700.7521167595099,1082.662020393443,A,488.1872511532145,0.999999235711497,1,341.73107580725014,146.45617534596437
68,16,Urban,Silver,91,4.49,Night,Economy,77,246.7577555097292,0,1.5583333333333333,Medium_demand,Medium_supply,1.1333333333333333,0.7272727272727273,0.45833333333333326,359.8550601183551,410.2347685349248,A,246.7577555097292,1.0,1,172.73042885681045,74.02732665291876
38,22,Urban,Gold,60,3.6,Morning,Premium,104,312.1731588463509,1,0.95,Low_demand,Medium_supply,0.95,1.0,0.0,312.1731588463509,526.0117726561012,B,526.0117726561012,0.007939443085369756,0,368.20824085927086,0.0
49,28,Urban,Silver,61,3.9,Evening,Premium,172,576.281119337865,0,0.6416666666666667,Medium_demand,Medium_supply,0.8166666666666667,1.2727272727272727,0.2583333333333333,427.40849684224986,700.9499348212898,B,700.9499348212898,8.239722876643218e-41,0,490.66495437490283,0.0
98,59,Urban,Regular,55,4.6,Morning,Economy,100,381.391205400882,1,0.7792425193555138,High_demand,High_supply,1.2098765432098766,1.5526315789473684,0.12075748064448621,335.3353642967077,615.3403934844587,A,381.391205400882,1.0,1,266.97384378061736,114.41736162026461
47,9,Suburban,Gold,38,4.06,Morning,Economy,141,543.7702542024564,1,0.9574074074074074,Medium_demand,Low_supply,0.7833333333333333,0.8181818181818182,0.0,543.7702542024564,1069.867975143333,B,1069.867975143333,6.4029190656046105e-121,0,748.9075826003331,0.0
27,11,Urban,Regular,97,4.78,Evening,Premium,137,472.5224037960476,0,1.35,Low_demand,Medium_supply,0.675,0.5,0.25,590.6530047450595,880.0729770701388,A,472.5224037960476,0.999999999696835,1,330.7656826572333,141.75672113881433
59,29,Urban,Regular,68,4.4,Night,Premium,88,286.05897011629656,0,0.7459770114942529,Medium_demand,Medium_supply,0.9833333333333333,1.3181818181818181,0.15402298850574714,241.99931265010835,300.0791476861344,B,300.0791476861344,1.0,1,210.05540338029405,90.02374430584032
56,20,Urban,Regular,74,4.05,Evening,Economy,25,88.95619552388446,0,1.0266666666666666,Medium_demand,Medium_supply,0.9333333333333333,0.9090909090909091,0.0,88.95619552388446,97.85181507627291,A,88.95619552388446,1.0,1,62.269336866719115,26.686858657165345
50,39,Urban,Gold,62,3.95,Morning,Premium,135,646.9811778631195,1,0.811965811965812,Medium_demand,High_supply,0.8333333333333334,1.0263157894736843,0.08803418803418805,590.0247151965372,1082.6953523856457,A,646.9811778631195,4.3159785393529887e-29,0,452.8868245041836,0.0
93,37,Urban,Gold,37,4.75,Night,Economy,76,292.9246564000302,0,0.6826826826826826,High_demand,Medium_supply,1.1481481481481481,1.6818181818181819,0.2173173173173174,229.26705589507867,322.21712204003325,A,292.9246564000302,1.0,1,205.04725948002113,87.87739692000906
46,22,Rural,Regular,97,3.51,Morning,Economy,100,395.769846813748,1,0.7666666666666667,Medium_demand,Medium_supply,0.7666666666666667,1.0,0.1333333333333333,343.0005339052483,680.3415590010601,A,395.769846813748,1.0,1,277.0388927696236,118.73095404412442
56,19,Suburban,Silver,16,4.46,Evening,Premium,86,279.6798100890559,0,1.080701754385965,Medium_demand,Medium_supply,0.9333333333333333,0.8636363636363636,0.0,279.6798100890559,348.9005630860971,A,279.6798100890559,1.0,1,195.7758670623391,83.90394302671677
37,16,Suburban,Gold,8,4.5,Evening,Economy,46,192.50297743378897,0,1.271875,Low_demand,Medium_supply,0.925,0.7272727272727273,0.171875,225.58942668022144,224.46147954682036,A,192.50297743378897,1.0,1,134.75208420365226,57.75089323013671
85,58,Urban,Regular,85,4.1,Night,Premium,92,351.77029329216225,0,0.6875266070668369,High_demand,High_supply,1.0493827160493827,1.5263157894736843,0.21247339293316314,277.0284655432826,357.36672055083454,B,357.36672055083454,1.0,1,250.15670438558416,107.21001616525038
27,7,Urban,Regular,89,3.6,Morning,Premium,120,555.4019371049674,1,1.0607142857142857,Low_demand,Low_supply,0.675,0.6363636363636364,0.0,555.4019371049674,1074.7027482981118,A,555.4019371049674,3.3209224506295214e-09,0,388.78135597347716,0.0
44,16,Rural,Silver,31,3.96,Night,Premium,122,395.3781570382596,0,1.0083333333333333,Medium_demand,Medium_supply,0.7333333333333333,0.7272727272727273,0.0,395.3781570382596,591.090344772198,B,591.090344772198,5.910435424363524e-17,0,413.76324134053857,0.0
75,51,Suburban,Regular,68,3.65,Afternoon,Premium,66,261.5103067801241,1,0.9313725490196079,Medium_demand,High_supply,1.25,1.3421052631578947,0.0,261.5103067801241,446.98649186392714,A,261.5103067801241,1.0,1,183.05721474608686,78.45309203403724
21,11,Urban,Gold,46,3.84,Morning,Economy,103,397.5648404411393,1,1.05,Low_demand,Medium_supply,0.525,0.5,0.0,397.5648404411393,675.8602287499369,B,675.8602287499369,2.3124537485853122e-35,0,473.10216012495584,0.0
42,29,Suburban,Silver,67,4.59,Morning,Premium,153,735.2764383329761,1,0.5310344827586206,Medium_demand,Medium_supply,0.7,1.3181818181818181,0.3689655172413794,463.9847869480504,965.3203492454188,B,965.3203492454188,3.225570392423656e-98,0,675.7242444717931,0.0
25,15,Suburban,Silver,100,4.9,Night,Premium,94,289.4570095389695,0,0.9166666666666667,Low_demand,Medium_supply,0.625,0.6818181818181818,0.0,289.4570095389695,369.4918726764945,B,369.4918726764945,1.0,1,258.64431087354615,110.84756180294835
67,46,Suburban,Regular,92,4.72,Morning,Economy,32,97.6750013649232,1,0.9224637681159421,Medium_demand,High_supply,1.1166666666666667,1.2105263157894737,0.0,97.6750013649232,152.29974587825652,A,97.6750013649232,1.0,1,68.37250095544624,29.302500409476963
29,6,Suburban,Silver,24,4.37,Afternoon,Economy,50,197.46392160702555,1,1.3291666666666668,Low_demand,Low_supply,0.725,0.5454545454545454,0.22916666666666674,242.71607030863558,387.4355272301595,A,197.46392160702555,1.0,1,138.2247451249179,59.239176482107666
100,70,Urban,Gold,42,4.9,Night,Premium,167,762.8822843495781,0,0.6701940035273368,High_demand,High_supply,1.2345679012345678,1.8421052631578947,0.2298059964726632,587.5673608032816,910.7294092450866,B,910.7294092450866,2.3061020724310244e-86,0,637.5105864715606,0.0
37,10,Suburban,Gold,27,4.26,Afternoon,Economy,143,512.44939271165,1,1.0175,Low_demand,Low_supply,0.925,0.9090909090909091,0.0,512.44939271165,1008.2441801601716,A,512.44939271165,0.8758004752427311,1,358.714574898155,153.73481781349506
31,14,Urban,Gold,37,4.3,Night,Premium,103,484.4661863877365,0,1.217857142857143,Low_demand,Medium_supply,0.775,0.6363636363636364,0.11785714285714288,541.5639869262911,676.954983657864,B,676.954983657864,1.3376732654093052e-35,0,473.8684885605048,0.0
49,12,Suburban,Silver,30,4.37,Afternoon,Premium,84,353.01840875622844,1,1.4972222222222222,Medium_demand,Medium_supply,0.8166666666666667,0.5454545454545454,0.39722222222222214,493.2451655677303,861.329370372649,A,353.01840875622844,1.0,1,247.11288612935988,105.90552262686856
42,19,Rural,Regular,56,4.84,Evening,Premium,144,539.7316715337728,0,0.8105263157894737,Medium_demand,Medium_supply,0.7,0.8636363636363636,0.08947368421052637,491.4398903965405,805.46998035993,B,805.46998035993,1.6583381532645747e-63,0,563.8289862519509,0.0
61,5,Rural,Regular,48,4.15,Morning,Economy,29,114.16365482248573,1,2.236666666666667,Medium_demand,Low_supply,1.0166666666666666,0.45454545454545453,1.1366666666666667,243.9296758040445,402.4839650766734,B,402.4839650766734,1.0,1,281.73877555367136,120.74518952300207
24,7,Suburban,Gold,85,4.36,Night,Economy,169,521.4080460440558,0,0.9428571428571428,Low_demand,Low_supply,0.6,0.6363636363636364,0.0,521.4080460440558,826.1710489568065,A,521.4080460440558,0.07405013607298494,0,364.98563223083903,0.0
20,10,Rural,Regular,18,4.28,Evening,Premium,123,450.3878805106937,0,0.55,Low_demand,Low_supply,0.5,0.9090909090909091,0.35,292.75212233195094,453.765789614524,B,453.765789614524,0.9999999999999745,1,317.6360527301668,136.12973688435721
22,9,Urban,Silver,36,4.51,Evening,Premium,10,82.69156896202661,0,0.6722222222222223,Low_demand,Low_supply,0.55,0.8181818181818182,0.22777777777777775,63.856267142898325,90.96072585822928,A,82.69156896202661,1.0,1,57.88409827341862,24.807470688607985
98,87,Suburban,Regular,59,4.26,Afternoon,Economy,13,34.57409278115731,1,0.5284518234709806,High_demand,High_supply,1.2098765432098766,2.289473684210526,0.3715481765290194,21.728151653173178,38.031502059273045,B,38.031502059273045,1.0,1,26.62205144149113,11.409450617781914
30,14,Urban,Silver,64,4.45,Afternoon,Economy,147,535.1718879088473,1,1.1785714285714286,Low_demand,Medium_supply,0.75,0.6363636363636364,0.07857142857142851,577.2211076731139,1131.353371039303,B,1131.353371039303,2.850978450483191e-134,0,791.9473597275121,0.0
32,13,Urban,Regular,75,4.56,Evening,Premium,111,333.4011668412356,0,1.353846153846154,Low_demand,Medium_supply,0.8,0.5909090909090909,0.25384615384615383,418.03377073170304,581.0669413170672,A,333.4011668412356,1.0,1,233.38081678886488,100.0203500523707
22,12,Urban,Silver,49,4.88,Night,Premium,35,179.8388198801664,0,1.0083333333333335,Low_demand,Medium_supply,0.55,0.5454545454545454,0.0,179.8388198801664,197.82270186818306,A,179.8388198801664,1.0,1,125.88717391611647,53.95164596404993
62,8,Urban,Silver,13,4.2,Night,Premium,65,241.9912178461052,0,1.4208333333333334,Medium_demand,Low_supply,1.0333333333333334,0.7272727272727273,0.3208333333333333,319.6300669050639,351.59307359557033,A,241.9912178461052,1.0,1,169.39385249227362,72.59736535383158
51,27,Urban,Gold,8,4.31,Night,Economy,92,369.3803924019288,0,0.6925925925925925,Medium_demand,Medium_supply,0.85,1.2272727272727273,0.20740740740740748,292.7681628667139,406.3184316421217,B,406.3184316421217,1.0,1,284.4229021494852,121.89552949263651
85,74,Suburban,Regular,82,3.92,Evening,Premium,177,704.3001292247022,0,0.5388722055388722,High_demand,High_supply,1.0493827160493827,1.9473684210526316,0.36112779446112786,449.9577769190982,782.7015529507713,A,704.3001292247022,1.543217480797185e-41,0,493.01009045729154,0.0
28,9,Urban,Silver,26,3.95,Night,Premium,114,466.9720738288303,0,0.8555555555555554,Low_demand,Low_supply,0.7,0.8181818181818182,0.04444444444444462,446.21775943643775,602.3939752391909,B,602.3939752391909,2.0752351178295143e-19,0,421.6757826674336,0.0
93,70,Suburban,Silver,21,3.81,Evening,Economy,12,41.12164471941277,0,0.6232804232804233,High_demand,High_supply,1.1481481481481481,1.8421052631578947,0.2767195767195767,29.742480598644054,45.233809191354055,B,45.233809191354055,1.0,1,31.663666433947835,13.57014275740622
36,9,Suburban,Silver,53,4.46,Night,Premium,127,404.02979977887577,0,1.0999999999999999,Low_demand,Low_supply,0.9,0.8181818181818182,0.0,404.02979977887577,580.5908222822445,A,404.02979977887577,1.0,1,282.820859845213,121.20893993366275
80,22,Rural,Gold,17,4.4,Morning,Economy,141,423.75441798529033,1,1.3333333333333333,Medium_demand,Medium_supply,1.3333333333333333,1.0,0.23333333333333317,522.6304488485247,1063.5529634067477,A,423.75441798529033,1.0,1,296.6280925897032,127.12632539558712
60,24,Rural,Regular,18,4.16,Morning,Premium,45,165.72466245477892,1,0.9166666666666667,Medium_demand,Medium_supply,1.0,1.0909090909090908,0.0,165.72466245477892,281.7319261731242,B,281.7319261731242,1.0,1,197.2123483211869,84.51957785193727
97,45,Urban,Silver,90,3.71,Morning,Premium,151,578.8213877560842,1,1.0112482853223594,High_demand,High_supply,1.1975308641975309,1.1842105263157894,0.0,578.8213877560842,1163.4309893897293,B,1163.4309893897293,3.086225203278505e-141,0,814.4016925728105,0.0
53,14,Suburban,Silver,24,3.99,Afternoon,Premium,161,707.4493979183783,1,1.388095238095238,Medium_demand,Medium_supply,0.8833333333333333,0.6363636363636364,0.28809523809523796,911.2622006520062,1955.7964981493685,A,707.4493979183783,3.195745060219034e-42,0,495.2145785428648,0.0
79,22,Rural,Silver,53,3.96,Evening,Premium,126,542.8095730212775,0,1.3166666666666667,Medium_demand,Medium_supply,1.3166666666666667,1.0,0.21666666666666656,660.4183138425542,980.0607777423504,A,542.8095730212775,1.8015863016655655e-06,0,379.96670111489425,0.0
44,24,Urban,Silver,55,4.08,Afternoon,Premium,137,513.9900766589533,1,0.6722222222222223,Medium_demand,Medium_supply,0.7333333333333333,1.0909090909090908,0.22777777777777775,396.9145591977473,758.1068080676974,A,513.9900766589533,0.7654700839297608,1,359.79305366126727,154.19702299768602
34,12,Suburban,Regular,3,4.83,Night,Premium,62,298.3556200090825,0,1.5583333333333333,Low_demand,Medium_supply,0.85,0.5454545454545454,0.45833333333333326,435.1019458465786,522.1223350158944,A,298.3556200090825,1.0,1,208.84893400635772,89.50668600272476
55,12,Urban,Silver,96,4.66,Morning,Premium,48,183.2701656673754,1,1.6805555555555556,Medium_demand,Medium_supply,0.9166666666666666,0.5454545454545454,0.5805555555555555,289.6686785131572,422.91627062920946,A,183.2701656673754,1.0,1,128.2891159671628,54.98104970021262
49,29,Suburban,Regular,35,4.8,Evening,Premium,160,468.3069201504469,0,0.6195402298850575,Medium_demand,Medium_supply,0.8166666666666667,1.3181818181818181,0.2804597701149425,336.96566898181584,572.841637269087,B,572.841637269087,5.423454012440126e-13,0,400.9891460883608,0.0
72,54,Rural,Regular,68,3.85,Afternoon,Economy,74,220.4983368386397,1,0.8444444444444444,Medium_demand,High_supply,1.2,1.4210526315789473,0.05555555555555558,208.24842923649302,381.82349500511,B,381.82349500511,1.0,1,267.27644650357695,114.54704850153303
72,27,Urban,Gold,76,3.97,Morning,Premium,70,265.94661511348426,1,0.9777777777777777,Medium_demand,Medium_supply,1.2,1.2272727272727273,0.0,265.94661511348426,408.22805419919837,B,408.22805419919837,1.0,1,285.75963793943885,122.46841625975952
99,6,Suburban,Gold,49,4.32,Afternoon,Economy,113,311.4894374116108,1,2.240740740740741,High_demand,Low_supply,1.2222222222222223,0.5454545454545454,1.1407407407407408,666.8181289774484,1211.9419494165124,B,1211.9419494165124,9.024153786987906e-152,0,848.3593645915587,0.0
21,10,Rural,Regular,22,4.42,Morning,Economy,151,647.8477765247827,1,0.5775,Low_demand,Low_supply,0.525,0.9090909090909091,0.3225,438.9168685955403,987.5629543399657,A,647.8477765247827,2.7983354106603805e-29,0,453.49344356734787,0.0
50,25,Urban,Silver,89,4.74,Afternoon,Economy,107,383.9141419544756,1,0.7333333333333333,Medium_demand,Medium_supply,0.8333333333333334,1.1363636363636365,0.16666666666666674,319.92845162872965,563.0740748665642,A,383.9141419544756,1.0,1,268.7398993681329,115.1742425863427
61,35,Rural,Silver,4,4.77,Morning,Premium,115,557.916185756397,1,0.6390476190476191,Medium_demand,Medium_supply,1.0166666666666666,1.5909090909090908,0.26095238095238094,412.32662871139433,811.2526419896684,A,557.916185756397,9.447057908207207e-10,0,390.5413300294779,0.0
24,5,Rural,Silver,57,4.96,Night,Premium,70,228.7960083986281,0,1.32,Low_demand,Low_supply,0.6,0.45454545454545453,0.21999999999999997,279.1311302463263,344.4478147239666,B,344.4478147239666,1.0,1,241.1134703067766,103.33434441718998
31,17,Rural,Silver,71,4.46,Evening,Premium,55,237.76862211931405,0,1.0029411764705882,Low_demand,Medium_supply,0.775,0.7727272727272727,0.0,237.76862211931405,269.6296174833021,B,269.6296174833021,1.0,1,188.74073223831147,80.88888524499066
35,20,Suburban,Regular,62,3.55,Afternoon,Economy,117,297.0874038526085,1,0.9625,Low_demand,Medium_supply,0.875,0.9090909090909091,0.0,297.0874038526085,582.0684959982232,A,297.0874038526085,1.0,1,207.96118269682592,89.12622115578256
74,30,Urban,Regular,97,3.9,Evening,Economy,179,794.3231511066332,0,0.9044444444444446,Medium_demand,Medium_supply,1.2333333333333334,1.3636363636363635,0.0,794.3231511066332,1342.4061253702102,A,794.3231511066332,4.3669308036266336e-61,0,556.0262057746432,0.0
94,61,Urban,Regular,12,4.95,Evening,Premium,133,563.8497971641384,0,0.7229305808540781,High_demand,High_supply,1.1604938271604939,1.605263157894737,0.1770694191459219,464.00924109473857,696.0138616421079,B,696.0138616421079,9.722261037786291e-40,0,487.2097031494755,0.0
44,11,Rural,Silver,31,3.92,Afternoon,Premium,110,339.2870734791633,1,1.4666666666666666,Medium_demand,Medium_supply,0.7333333333333333,0.5,0.3666666666666665,463.69233375485646,912.3146666626801,B,912.3146666626801,1.0438647966165975e-86,0,638.620266663876,0.0
84,37,Urban,Gold,3,3.83,Evening,Premium,69,248.9476553705649,0,0.6166166166166166,High_demand,Medium_supply,1.037037037037037,1.6818181818181819,0.2833833833833834,178.4000265062937,273.8424209076214,A,248.9476553705649,1.0,1,174.2633587593954,74.68429661116949
27,12,Suburban,Regular,39,4.51,Morning,Premium,55,279.2686999169939,1,1.2375000000000003,Low_demand,Medium_supply,0.675,0.5454545454545454,0.13750000000000018,317.66814615558064,532.0941448105976,A,279.2686999169939,1.0,1,195.48808994189574,83.78060997509817
59,36,Suburban,Regular,43,3.74,Evening,Premium,25,145.04223833476908,0,0.6009259259259259,Medium_demand,Medium_supply,0.9833333333333333,1.6363636363636365,0.29907407407407416,101.66386520316684,159.546462168246,B,159.546462168246,1.0,1,111.6825235177722,47.8639386504738
82,20,Urban,Regular,59,3.99,Night,Premium,45,241.8259564507362,0,1.1135802469135803,High_demand,Medium_supply,1.0123456790123457,0.9090909090909091,0.013580246913580174,245.11001264944986,254.91441315542784,A,241.8259564507362,1.0,1,169.27816951551532,72.54778693522087
24,10,Urban,Gold,24,4.09,Morning,Premium,97,430.60985477056624,1,0.66,Low_demand,Low_supply,0.6,0.9090909090909091,0.24,327.26348962563037,539.9847578822902,A,430.60985477056624,1.0,1,301.42689833939636,129.18295643116988
84,67,Suburban,Regular,48,4.87,Night,Economy,81,219.99370680056552,0,0.5881702598120508,High_demand,High_supply,1.037037037037037,1.763157894736842,0.3118297401879492,151.3931263659613,241.99307748062208,A,219.99370680056552,1.0,1,153.99559476039585,65.99811204016967
52,9,Suburban,Regular,24,4.19,Morning,Economy,102,366.7282586383836,1,1.0592592592592591,Medium_demand,Low_supply,0.8666666666666667,0.8181818181818182,0.0,366.7282586383836,705.9518978788884,B,705.9518978788884,6.756941021818124e-42,0,494.16632851522184,0.0
38,12,Rural,Silver,44,4.85,Evening,Economy,110,356.8814026432877,0,1.7416666666666667,Low_demand,Medium_supply,0.95,0.5454545454545454,0.6416666666666666,585.8803026727306,846.5970373620959,B,846.5970373620959,1.9455667529046627e-72,0,592.6179261534671,0.0
26,12,Urban,Regular,80,4.27,Afternoon,Economy,134,441.4714772887345,1,1.1916666666666669,Low_demand,Medium_supply,0.65,0.5454545454545454,0.09166666666666679,481.93969604020185,956.6502966398007,B,956.6502966398007,2.4619800321169543e-96,0,669.6552076478604,0.0
61,39,Suburban,Regular,82,4.49,Morning,Premium,46,230.1431447581205,1,0.9905982905982904,Medium_demand,High_supply,1.0166666666666666,1.0263157894736843,0.0,230.1431447581205,370.35785570200545,B,370.35785570200545,1.0,1,259.2504989914038,111.10735671060166
87,41,Rural,Gold,97,4.27,Afternoon,Premium,37,158.89198003545,1,0.9954832881662151,High_demand,High_supply,1.0740740740740742,1.0789473684210527,0.0,158.89198003545,233.33287268205834,B,233.33287268205834,1.0,1,163.3330108774408,69.99986180461752
98,46,Suburban,Gold,55,4.71,Evening,Economy,173,766.9193242115463,0,0.9994632313472893,High_demand,High_supply,1.2098765432098766,1.2105263157894737,0.0,766.9193242115463,1253.5296354237723,B,1253.5296354237723,8.409210303932743e-161,0,877.4707447966406,0.0
24,13,Urban,Silver,54,4.09,Morning,Economy,161,466.7229822330101,1,1.0153846153846153,Low_demand,Medium_supply,0.6,0.5909090909090909,0.0,466.7229822330101,961.4493434000008,B,961.4493434000008,2.23452265973298e-97,0,673.0145403800005,0.0
44,8,Urban,Gold,43,3.82,Night,Economy,86,233.50662384935427,0,1.0083333333333333,Medium_demand,Low_supply,0.7333333333333333,0.7272727272727273,0.0,233.50662384935427,268.53261742675744,A,233.50662384935427,1.0,1,163.454636694548,70.05198715480628
71,59,Urban,Regular,71,4.47,Evening,Economy,31,104.1037337805616,0,0.7621468926553673,Medium_demand,High_supply,1.1833333333333333,1.5526315789473684,0.13785310734463274,89.75271059273277,114.51410715861776,A,104.1037337805616,1.0,1,72.87261364639312,31.231120134168478
91,59,Urban,Silver,68,4.77,Night,Economy,15,38.33576819209958,0,0.7235823394015485,High_demand,High_supply,1.123456790123457,1.5526315789473684,0.17641766059845154,31.57266165040484,42.16934501130954,A,38.33576819209958,1.0,1,26.835037734469704,11.500730457629874
32,14,Urban,Gold,75,4.49,Night,Economy,177,761.0167600703148,0,1.2571428571428573,Low_demand,Medium_supply,0.8,0.6363636363636364,0.15714285714285725,880.6051080813644,1400.1621218493694,A,761.0167600703148,7.457053002523029e-54,0,532.7117320492204,0.0
79,24,Urban,Silver,0,4.26,Evening,Economy,82,284.8625062809567,0,1.2069444444444446,Medium_demand,Medium_supply,1.3166666666666667,1.0909090909090908,0.10694444444444451,315.32696875822575,378.3923625098709,A,284.8625062809567,1.0,1,199.40375439666968,85.45875188428704
73,27,Urban,Regular,55,4.27,Morning,Premium,50,216.06019585156733,1,0.9913580246913579,Medium_demand,Medium_supply,1.2166666666666666,1.2272727272727273,0.0,216.06019585156733,342.4554104247342,A,216.06019585156733,1.0,1,151.2421370960971,64.81805875547022
32,16,Rural,Silver,80,4.78,Morning,Economy,11,39.37370119886104,1,1.1,Low_demand,Medium_supply,0.8,0.7272727272727273,0.0,39.37370119886104,61.068610559433466,A,39.37370119886104,1.0,1,27.56159083920273,11.812110359658313
22,10,Rural,Silver,5,4.44,Morning,Premium,129,471.7821019342959,1,0.6050000000000001,Low_demand,Low_supply,0.55,0.9090909090909091,0.29499999999999993,332.6063818636786,671.0333754099715,B,671.0333754099715,2.583514720401816e-34,0,469.72336278698003,0.0
35,19,Urban,Silver,45,4.99,Afternoon,Economy,159,508.6730024657942,1,1.013157894736842,Low_demand,Medium_supply,0.875,0.8636363636363636,0.0,508.6730024657942,1030.0628299932332,B,1030.0628299932332,2.8180938832608057e-112,0,721.0439809952632,0.0
24,10,Suburban,Regular,79,4.3,Night,Economy,24,95.11851081754354,0,0.66,Low_demand,Low_supply,0.6,0.9090909090909091,0.24,72.29006822133309,104.6303618992979,A,95.11851081754354,1.0,1,66.58295757228048,28.53555324526306
67,31,Rural,Gold,64,3.62,Night,Economy,169,735.1444900755255,0,0.7924731182795699,Medium_demand,Medium_supply,1.1166666666666667,1.4090909090909092,0.10752688172043012,656.0966954437486,1068.7815168778666,A,735.1444900755255,3.0949901875793757e-48,0,514.6011430528678,0.0
100,73,Urban,Silver,95,3.98,Night,Premium,100,456.60307303079816,0,0.6426517842042956,High_demand,High_supply,1.2345679012345678,1.9210526315789473,0.25734821579570444,339.0970868594865,502.263380333878,B,502.263380333878,0.9991300940254559,1,351.58436623371455,150.67901410016344
66,16,Urban,Silver,94,4.52,Morning,Economy,34,122.24187517858556,1,1.5125000000000002,Medium_demand,Medium_supply,1.1,0.7272727272727273,0.4125000000000001,172.66664868975212,243.45997465255047,A,122.24187517858556,1.0,1,85.56931262500989,36.67256255357567
96,36,Urban,Regular,57,4.06,Evening,Premium,139,599.8171406236374,0,0.7242798353909464,High_demand,Medium_supply,1.1851851851851851,1.6363636363636365,0.1757201646090536,494.41717393792004,736.6815891675009,A,599.8171406236374,7.526963936613293e-19,0,419.87199843654616,0.0
60,8,Urban,Regular,68,4.84,Morning,Premium,144,438.5186068324803,1,1.375,Medium_demand,Low_supply,1.0,0.7272727272727273,0.2749999999999999,559.1112237114123,1137.7913402527242,B,1137.7913402527242,1.140267333065052e-135,0,796.453938176907,0.0
92,31,Rural,Silver,54,3.91,Night,Premium,148,516.1330392078827,0,0.8060533651931501,High_demand,Medium_supply,1.1358024691358024,1.4090909090909092,0.09394663480684995,467.64407706167015,740.7482180656855,A,516.1330392078827,0.5278276408044357,1,361.2931274455179,154.8399117623648
92,49,Urban,Silver,9,4.23,Evening,Premium,89,397.4831040703401,0,0.8808264046359284,High_demand,High_supply,1.1358024691358024,1.2894736842105263,0.019173595364071594,389.8619238688403,467.8343086426083,B,467.8343086426083,0.9999999999709148,1,327.48401604982575,140.35029259278252
56,37,Urban,Silver,27,4.12,Afternoon,Premium,68,317.8400260939533,1,0.554954954954955,Medium_demand,Medium_supply,0.9333333333333333,1.6818181818181819,0.3450450450450451,208.1708999732469,327.86916745786385,A,317.8400260939533,1.0,1,222.48801826576732,95.352007828186
88,71,Rural,Regular,42,4.87,Afternoon,Premium,109,330.78364034759613,1,0.5814640932011823,High_demand,High_supply,1.0864197530864197,1.868421052631579,0.3185359067988177,225.4171735152606,450.83434703052126,B,450.83434703052126,0.999999999999994,1,315.58404292136487,135.2503041091564
87,47,Rural,Silver,6,4.54,Morning,Premium,162,743.3166378180009,1,0.8684003152088259,High_demand,High_supply,1.0740740740740742,1.236842105263158,0.03159968479117414,719.8280663629167,1596.218737159768,B,1596.218737159768,3.241621227408467e-235,0,1117.3531160118375,0.0
85,6,Suburban,Gold,92,4.11,Afternoon,Economy,73,274.1712773124912,1,1.9238683127572018,High_demand,Low_supply,1.0493827160493827,0.5454545454545454,0.8238683127572017,500.0523049584202,800.9587794671497,B,800.9587794671497,1.5822238252956235e-62,0,560.6711456270048,0.0
98,54,Rural,Regular,34,4.57,Evening,Premium,113,462.4075929220183,0,0.8513946044810243,High_demand,High_supply,1.2098765432098766,1.4210526315789473,0.04860539551897569,439.9320889770661,659.8981334655991,A,462.4075929220183,0.9999999999980713,1,323.6853150454128,138.72227787660552
28,14,Rural,Regular,24,4.2,Afternoon,Economy,147,533.0802632142761,1,1.0999999999999999,Low_demand,Medium_supply,0.7,0.6363636363636364,0.0,533.0802632142761,1172.7765790714075,B,1172.7765790714075,2.8844206701282918e-143,0,820.9436053499852,0.0
36,9,Suburban,Silver,22,3.51,Night,Premium,37,143.2178421949143,0,1.0999999999999999,Low_demand,Low_supply,0.9,0.8181818181818182,0.0,143.2178421949143,157.53962641440575,A,143.2178421949143,1.0,1,100.25248953644001,42.9653526584743
20,8,Suburban,Silver,38,4.82,Night,Premium,155,574.9456425421428,0,0.6875,Low_demand,Low_supply,0.5,0.7272727272727273,0.21250000000000002,452.7696935019374,723.2995853693451,A,574.9456425421428,1.8940743463696905e-13,0,402.4619497794999,0.0
94,36,Rural,Regular,41,4.57,Morning,Economy,76,215.741761640662,1,0.7091906721536351,High_demand,Medium_supply,1.1604938271604939,1.6363636363636365,0.19080932784636495,174.57622111361658,322.9660090601907,A,215.741761640662,1.0,1,151.01923314846337,64.72252849219862
94,82,Suburban,Gold,48,4.92,Morning,Premium,20,129.7685299495176,1,0.5377898223426679,High_demand,High_supply,1.1604938271604939,2.1578947368421053,0.3622101776573321,82.76504766217202,142.74538294446938,A,129.7685299495176,1.0,1,90.83797096466232,38.930558984855296
70,7,Urban,Regular,13,4.09,Afternoon,Economy,117,321.0007657787772,1,1.8333333333333335,Medium_demand,Low_supply,1.1666666666666667,0.6363636363636364,0.7333333333333334,556.4013273498805,1057.162521964773,B,1057.162521964773,3.6756327719272846e-118,0,740.0137653753411,0.0
90,71,Suburban,Regular,37,3.51,Morning,Premium,32,172.59277503910292,1,0.594679186228482,High_demand,High_supply,1.1111111111111112,1.868421052631579,0.305320813771518,119.89660851307949,188.83715840810018,B,188.83715840810018,1.0,1,132.18601088567013,56.65114752243005
42,10,Urban,Silver,56,4.01,Night,Premium,95,455.20978516158993,0,0.77,Medium_demand,Low_supply,0.7,0.9090909090909091,0.13,396.0325130905832,491.0803162323232,A,455.20978516158993,0.9999999999999472,1,318.6468496131129,136.56293554847701
44,18,Suburban,Gold,88,3.67,Night,Premium,50,199.8397440906976,0,0.8962962962962961,Medium_demand,Medium_supply,0.7333333333333333,0.8181818181818182,0.0037037037037038756,199.09959689036165,205.96853298307914,A,199.8397440906976,1.0,1,139.88782086348832,59.95192322720928
60,16,Suburban,Regular,28,3.91,Evening,Economy,105,281.0970650985199,0,1.375,Medium_demand,Medium_supply,1.0,0.7272727272727273,0.2749999999999999,358.3987580006129,501.75826120085804,B,501.75826120085804,0.9993241171668494,1,351.2307828406006,150.52747836025742
26,5,Rural,Silver,7,4.75,Afternoon,Premium,140,413.54800185803066,1,1.4300000000000002,Low_demand,Low_supply,0.65,0.45454545454545453,0.33000000000000007,550.0188424711808,1164.6648989327255,A,413.54800185803066,1.0,1,289.48360130062144,124.06440055740921
79,13,Rural,Regular,6,4.63,Afternoon,Economy,38,134.09432585149492,1,2.2282051282051283,Medium_demand,Medium_supply,1.3166666666666667,0.5909090909090909,1.1282051282051282,285.38023194036094,470.8773827015956,B,470.8773827015956,0.9999999998668112,1,329.6141678911169,141.2632148104787
26,8,Rural,Gold,65,3.58,Night,Premium,89,378.50396161301137,0,0.89375,Low_demand,Low_supply,0.65,0.7272727272727273,0.006249999999999978,376.13831185293003,462.273985267251,A,378.50396161301137,1.0,1,264.9527731291079,113.55118848390345
62,7,Urban,Silver,2,4.71,Morning,Premium,28,162.05358553352147,1,1.623809523809524,Medium_demand,Low_supply,1.0333333333333334,0.6363636363636364,0.523809523809524,246.9387970034613,351.8877857299324,A,162.05358553352147,1.0,1,113.43750987346502,48.61607566005645
42,16,Rural,Gold,33,3.63,Morning,Economy,166,513.1161277813304,1,0.9624999999999999,Medium_demand,Medium_supply,0.7,0.7272727272727273,0.0,513.1161277813304,1095.5029328131404,B,1095.5029328131404,1.7370714498206954e-126,0,766.8520529691982,0.0
57,16,Urban,Regular,0,3.95,Afternoon,Economy,97,308.6385554813678,1,1.30625,Medium_demand,Medium_supply,0.95,0.7272727272727273,0.20624999999999982,372.2952575493999,670.1314635889198,A,308.6385554813678,1.0,1,216.04698883695744,92.59156664441036
33,13,Rural,Gold,34,4.78,Morning,Economy,66,239.08854651007988,1,1.396153846153846,Low_demand,Medium_supply,0.825,0.5909090909090909,0.296153846153846,309.89553913037275,506.6792064781596,B,506.6792064781596,0.9921420619770293,1,354.6754445347117,152.0037619434479
22,10,Rural,Regular,26,4.97,Morning,Economy,170,562.1650160715976,1,0.6050000000000001,Low_demand,Low_supply,0.55,0.9090909090909091,0.29499999999999993,396.32633633047635,931.3668903766195,A,562.1650160715976,1.1289502332310385e-10,0,393.5155112501183,0.0
67,44,Urban,Regular,27,4.69,Morning,Economy,129,467.0198948894929,1,0.9643939393939394,Medium_demand,High_supply,1.1166666666666667,1.1578947368421053,0.0,467.0198948894929,910.6887950345111,A,467.0198948894929,0.9999999999806437,1,326.913926422645,140.1059684668479
62,15,Suburban,Silver,15,4.28,Night,Economy,73,327.43334173812747,0,1.5155555555555558,Medium_demand,Medium_supply,1.0333333333333334,0.6818181818181818,0.4155555555555557,463.50008597152714,555.0413529509037,A,327.43334173812747,1.0,1,229.20333921668922,98.23000252143825
95,49,Rural,Regular,92,4.27,Night,Premium,99,332.0936161256213,0,0.9095490047871001,High_demand,High_supply,1.1728395061728396,1.2894736842105263,0.0,332.0936161256213,461.27803279848797,B,461.27803279848797,0.9999999999989035,1,322.89462295894157,138.3834098395464
61,36,Urban,Silver,72,4.64,Night,Premium,109,457.0853188522962,0,0.6212962962962962,Medium_demand,Medium_supply,1.0166666666666666,1.6363636363636365,0.2787037037037038,329.69394757957286,502.7938507375259,A,457.0853188522962,0.9999999999998652,1,319.95972319660734,137.12559565568887
48,12,Rural,Silver,25,4.26,Night,Economy,180,552.8162271192283,0,1.4666666666666668,Medium_demand,Medium_supply,0.8,0.5454545454545454,0.3666666666666667,755.5155103962787,1356.1503411613205,A,552.8162271192283,1.209869475144978e-08,0,386.97135898345977,0.0
93,59,Rural,Regular,30,4.11,Afternoon,Premium,89,281.0521288708149,1,0.7394852479598243,High_demand,High_supply,1.1481481481481481,1.5526315789473684,0.16051475204017573,235.93911609475253,448.2843205800299,A,281.0521288708149,1.0,1,196.7364902095704,84.31563866124449
59,18,Urban,Gold,67,3.86,Morning,Economy,98,288.3451530321269,1,1.2018518518518517,Medium_demand,Medium_supply,0.9833333333333333,0.8181818181818182,0.10185185185185164,317.7136408409546,519.4618027749608,A,288.3451530321269,1.0,1,201.84160712248882,86.50354590963809
95,73,Urban,Regular,20,3.59,Evening,Premium,138,666.8242060496077,0,0.6105191949940809,High_demand,High_supply,1.1728395061728396,1.9210526315789473,0.2894808050059191,473.7913980849344,710.6870971274016,B,710.6870971274016,6.331617576440135e-43,0,497.48096798918107,0.0
71,33,Suburban,Regular,4,4.88,Evening,Premium,109,436.0192372930386,0,0.7888888888888889,Medium_demand,Medium_supply,1.1833333333333333,1.5,0.11111111111111116,387.57265537158986,542.6017175202257,B,542.6017175202257,1.9988961610529078e-06,0,379.821202264158,0.0
20,7,Suburban,Gold,71,3.83,Morning,Premium,51,248.22030676592635,1,0.7857142857142857,Low_demand,Low_supply,0.5,0.6363636363636364,0.11428571428571432,219.85227170696334,330.1631490359322,A,248.22030676592635,1.0,1,173.75421473614844,74.46609202977791
23,7,Urban,Gold,96,3.97,Afternoon,Premium,165,493.2338839519256,1,0.9035714285714285,Low_demand,Low_supply,0.575,0.6363636363636364,0.0,493.2338839519256,979.0692596445723,B,979.0692596445723,3.3347905702916945e-101,0,685.3484817512006,0.0
80,69,Suburban,Silver,94,4.44,Night,Economy,74,291.5110820764234,0,0.7342995169082125,Medium_demand,High_supply,1.3333333333333333,1.8157894736842106,0.16570048309178753,243.20755494975032,320.6621902840658,A,291.5110820764234,1.0,1,204.05775745349638,87.45332462292703
58,10,Urban,Gold,51,4.27,Night,Premium,138,459.0606514814432,0,1.0633333333333335,Medium_demand,Low_supply,0.9666666666666667,0.9090909090909091,0.0,459.0606514814432,638.0943055592061,A,459.0606514814432,0.9999999999996381,1,321.3424560370102,137.71819544443298
71,25,Urban,Gold,72,4.46,Evening,Economy,169,603.9358824371426,0,1.0413333333333332,Medium_demand,Medium_supply,1.1833333333333333,1.1363636363636365,0.0,603.9358824371426,930.0612589531996,A,603.9358824371426,9.599451400687177e-20,0,422.7551177059998,0.0
69,26,Rural,Gold,48,4.28,Evening,Premium,175,502.6040622268877,0,0.973076923076923,Medium_demand,Medium_supply,1.15,1.1818181818181819,0.0,502.6040622268877,849.4008651634404,B,849.4008651634404,4.7885349879502855e-73,0,594.5806056144082,0.0
89,54,Suburban,Gold,48,4.38,Afternoon,Economy,24,74.78832688768996,1,0.7732053040695016,High_demand,High_supply,1.0987654320987654,1.4210526315789473,0.1267946959304984,65.30556372081459,92.57063657425469,B,92.57063657425469,1.0,1,64.79944560197828,27.771190972276415
84,62,Urban,Silver,52,4.61,Afternoon,Economy,29,126.23081147979764,1,0.6356033452807646,High_demand,High_supply,1.037037037037037,1.631578947368421,0.26439665471923546,92.85580720204467,130.92668815488298,B,130.92668815488298,1.0,1,91.64868170841808,39.2780064464649
98,61,Urban,Silver,91,4.28,Night,Economy,95,319.94237960548924,0,0.7536935842946771,High_demand,High_supply,1.2098765432098766,1.605263157894737,0.14630641570532288,273.13275681317833,338.6846184483411,B,338.6846184483411,1.0,1,237.07923291383875,101.60538553450235
95,25,Urban,Gold,26,3.62,Morning,Economy,81,207.61291922267668,1,1.0320987654320988,High_demand,Medium_supply,1.1728395061728396,1.1363636363636365,0.0,207.61291922267668,332.18067075628267,B,332.18067075628267,1.0,1,232.52646952939784,99.65420122688482
79,29,Rural,Silver,29,4.22,Night,Economy,99,304.74417790488224,0,0.9988505747126437,Medium_demand,Medium_supply,1.3166666666666667,1.3181818181818181,0.0,304.74417790488224,409.88091928206666,B,409.88091928206666,1.0,1,286.9166434974466,122.96427578462004
82,10,Urban,Silver,97,4.43,Night,Economy,177,481.7658793191911,0,1.1135802469135803,High_demand,Low_supply,1.0123456790123457,0.9090909090909091,0.013580246913580174,488.30837891488375,800.8257414204094,B,800.8257414204094,1.6910512300932129e-62,0,560.5780189942865,0.0
87,5,Rural,Gold,6,3.76,Evening,Economy,28,83.3353748167845,0,2.362962962962963,High_demand,Low_supply,1.0740740740740742,0.45454545454545453,1.262962962962963,188.58486671501973,186.69901804786954,B,186.69901804786954,1.0,1,130.68931263350868,56.009705414360866
83,35,Rural,Gold,3,4.32,Night,Premium,116,513.6451022177532,0,0.6440917107583776,High_demand,Medium_supply,1.0246913580246915,1.5909090909090908,0.25590828924162246,382.1990628318697,531.2566973362989,B,531.2566973362989,0.0005808695246309869,0,371.8796881354092,0.0
47,9,Rural,Regular,5,4.81,Night,Premium,178,561.374877548703,0,0.9574074074074074,Medium_demand,Low_supply,0.7833333333333333,0.8181818181818182,0.0,561.374877548703,1010.4747795876655,A,561.374877548703,1.675911950520514e-10,0,392.96241428409206,0.0
34,7,Urban,Silver,54,4.71,Night,Premium,149,516.51117285383,0,1.3357142857142856,Low_demand,Low_supply,0.85,0.6363636363636364,0.23571428571428554,638.2602350265183,951.0077501895123,B,951.0077501895123,4.1356894486907e-95,0,665.7054251326585,0.0
26,13,Rural,Regular,14,4.19,Morning,Economy,174,666.4286805847338,1,1.1,Low_demand,Medium_supply,0.65,0.5909090909090909,0.0,666.4286805847338,1566.1073993741247,B,1566.1073993741247,1.1203563735329781e-228,0,1096.2751795618872,0.0
88,7,Rural,Gold,11,3.64,Night,Premium,130,573.2085393656391,0,1.7072310405643738,High_demand,Low_supply,1.0864197530864197,0.6363636363636364,0.6072310405643737,921.278557185021,1372.7050502056813,B,1372.7050502056813,1.1120970907265244e-186,0,960.8935351439769,0.0
57,26,Rural,Regular,92,3.8,Evening,Premium,67,283.7979251507492,0,0.8038461538461538,Medium_demand,Medium_supply,0.95,1.1818181818181819,0.09615384615384626,256.5096631170233,317.81547260199187,B,317.81547260199187,1.0,1,222.4708308213943,95.34464178059758
45,17,Rural,Silver,67,4.7,Afternoon,Economy,15,66.78323718712389,1,0.9705882352941176,Medium_demand,Medium_supply,0.75,0.7727272727272727,0.0,66.78323718712389,103.58080087722914,B,103.58080087722914,1.0,1,72.50656061406039,31.074240263168747
82,26,Urban,Gold,35,4.71,Morning,Economy,114,289.2390324634591,1,0.8566001899335233,High_demand,Medium_supply,1.0123456790123457,1.1818181818181819,0.04339981006647675,276.6861133907335,484.20069843378366,B,484.20069843378366,0.9999998958669258,1,338.94048890364854,145.2602095301351
54,39,Rural,Gold,88,4.59,Evening,Economy,42,147.42638660593482,0,0.8769230769230769,Medium_demand,High_supply,0.9,1.0263157894736843,0.023076923076923106,144.02423922272095,148.20094216017986,B,148.20094216017986,1.0,1,103.7406595121259,44.46028264805396
95,24,Suburban,Gold,79,3.5,Afternoon,Economy,130,552.2304431046015,1,1.0751028806584364,High_demand,Medium_supply,1.1728395061728396,1.0909090909090908,0.0,552.2304431046015,1050.2042451741759,B,1050.2042451741759,1.192072644300015e-116,0,735.142971621923,0.0
63,31,Suburban,Silver,2,3.81,Evening,Premium,160,632.5601419476765,0,0.7451612903225806,Medium_demand,Medium_supply,1.05,1.4090909090909092,0.15483870967741942,534.6153457751329,880.7787821645315,B,880.7787821645315,7.354862558208114e-80,0,616.5451475151721,0.0
43,18,Urban,Gold,58,4.22,Evening,Economy,156,494.7452574847764,0,0.8759259259259259,Medium_demand,Medium_supply,0.7166666666666667,0.8181818181818182,0.024074074074074137,482.834723508291,719.4237380273537,B,719.4237380273537,8.023746687643426e-45,0,503.59661661914754,0.0
33,14,Suburban,Regular,87,4.81,Evening,Premium,17,118.98653335805044,0,1.2964285714285715,Low_demand,Medium_supply,0.825,0.6363636363636364,0.1964285714285714,142.35888812481033,147.98206420574036,B,147.98206420574036,1.0,1,103.58744494401824,44.39461926172211
33,23,Urban,Gold,24,4.21,Morning,Premium,11,91.38952597435124,1,0.7891304347826087,Low_demand,Medium_supply,0.825,1.0454545454545454,0.11086956521739133,81.25720896415143,109.69723210160443,A,91.38952597435124,1.0,1,63.972668182045865,27.41685779230538
84,29,Urban,Regular,92,4.55,Morning,Premium,94,424.1559867017463,1,0.7867177522349936,High_demand,Medium_supply,1.037037037037037,1.3181818181818181,0.1132822477650064,376.1066431251883,671.3503579784611,A,424.1559867017463,1.0,1,296.9091906912224,127.2467960105239
44,6,Suburban,Gold,80,4.13,Night,Premium,40,157.36483032789283,0,1.3444444444444446,Medium_demand,Low_supply,0.7333333333333333,0.5454545454545454,0.24444444444444446,195.83178885248887,192.7963961252753,B,192.7963961252753,1.0,1,134.95747728769268,57.83891883758261
53,27,Suburban,Regular,78,3.63,Night,Premium,58,279.09504825213924,0,0.719753086419753,Medium_demand,Medium_supply,0.8833333333333333,1.2272727272727273,0.18024691358024703,228.78902720916102,307.0045530773532,B,307.0045530773532,1.0,1,214.90318715414722,92.10136592320598
78,63,Rural,Gold,14,4.21,Afternoon,Economy,147,655.065105532243,1,0.7841269841269841,Medium_demand,High_supply,1.3,1.6578947368421053,0.1158730158730159,579.1607361610465,1178.5920980877297,A,655.065105532243,7.580130580338207e-31,0,458.54557387257006,0.0
